type,pkg,cls,member,name,notes,verified,removal_reason
method,a.a.a,i,aG,do_aG,"""[Phase3-method] returns void""",suspicious-bc-missing,占位名垃圾 (do_*/get_+字母/类型+数字/描述句)
method,com.corrodinggames.rts.game.a,a,cz(),selectBuilder,Select best builder unit,suspicious-bc-missing,死映射 (javap member-missing + 03 名缺失)
field,com.corrodinggames.rts.game.a,b,D,defendTarget,Defense/priority target UnitInstance (public am),suspicious-bc-missing,死映射 (javap member-missing + 03 名缺失)
field,com.corrodinggames.rts.game.a,b,E,combatState,Combat behavior state enum (ao.a=default),suspicious-bc-missing,死映射 (javap member-missing + 03 名缺失)
field,com.corrodinggames.rts.game.a,b,d,splashDamage,Splash damage multiplier,suspicious-bc-missing,死映射 (javap member-missing + 03 名缺失)
field,com.corrodinggames.rts.game.a,b,e,rangeAttack,Attack range,suspicious-bc-missing,死映射 (javap member-missing + 03 名缺失)
field,com.corrodinggames.rts.game.a,b,f,minimumRange,Minimum attack range,suspicious-bc-missing,死映射 (javap member-missing + 03 名缺失)
field,com.corrodinggames.rts.game.a,b,g,reloadTime,Weapon reload time,suspicious-bc-missing,死映射 (javap member-missing + 03 名缺失)
field,com.corrodinggames.rts.game.a,b,h,projectileSpeed,Projectile speed,suspicious-bc-missing,死映射 (javap member-missing + 03 名缺失)
field,com.corrodinggames.rts.game.a,b,i,targetCount,Target/objective count (int),suspicious-bc-missing,死映射 (javap member-missing + 03 名缺失)
field,com.corrodinggames.rts.game.a,b,j,maxTargetCount,Maximum target count (int),suspicious-bc-missing,死映射 (javap member-missing + 03 名缺失)
field,com.corrodinggames.rts.game.a,b,s,awaitingReinforcements,Awaiting reinforcements before attacking flag,suspicious-bc-missing,死映射 (javap member-missing + 03 名缺失)
field,com.corrodinggames.rts.game.a,b,u,stagingProgress,Staging/gathering progress timer (float),suspicious-bc-missing,死映射 (javap member-missing + 03 名缺失)
field,com.corrodinggames.rts.game.a,b,x,engageDistance,Distance to engage target (float),suspicious-bc-missing,死映射 (javap member-missing + 03 名缺失)
field,com.corrodinggames.rts.game.units.custom,b,b,valueX,Keyframe X value (float),suspicious-bc-missing,死映射 (javap member-missing + 03 名缺失)
field,com.corrodinggames.rts.game.units.custom,b,c,valueY,Keyframe Y value (float),suspicious-bc-missing,死映射 (javap member-missing + 03 名缺失)
field,com.corrodinggames.rts.game.units.custom,bn,aK,overrideWeaponStats,Override weapon stats flag (boolean),suspicious-bc-missing,死映射 (javap member-missing + 03 名缺失)
field,com.corrodinggames.rts.game.units.custom,bn,aL,globalDamageMultiplier,Global damage multiplier (float),suspicious-bc-missing,死映射 (javap member-missing + 03 名缺失)
field,com.corrodinggames.rts.game.units.custom,bn,aM,globalHPMultiplier,Global HP multiplier flag (boolean),suspicious-bc-missing,死映射 (javap member-missing + 03 名缺失)
field,com.corrodinggames.rts.game.units.custom,bn,aN,globalSpeedMultiplier,Global speed multiplier flag (boolean),suspicious-bc-missing,死映射 (javap member-missing + 03 名缺失)
field,com.corrodinggames.rts.game.units.custom,bn,aO,globalBuildSpeedMultiplier,Global build speed multiplier flag (boolean),suspicious-bc-missing,死映射 (javap member-missing + 03 名缺失)
field,com.corrodinggames.rts.game.units.custom,bn,aP,globalRangeMultiplier,Global range multiplier flag (boolean),suspicious-bc-missing,死映射 (javap member-missing + 03 名缺失)
field,com.corrodinggames.rts.game.units.custom,bn,aQ,globalResourceMultiplier,Global resource multiplier flag (boolean),suspicious-bc-missing,死映射 (javap member-missing + 03 名缺失)
field,com.corrodinggames.rts.game.units.custom,bn,aR,enableCustomAI,Enable custom AI scripts (boolean),suspicious-bc-missing,死映射 (javap member-missing + 03 名缺失)
field,com.corrodinggames.rts.game.units.custom,bn,aS,customUnitFilter,Custom unit filter (h),suspicious-bc-missing,死映射 (javap member-missing + 03 名缺失)
field,com.corrodinggames.rts.game.units.custom,bn,aT,restrictUnits,Restrict unit types flag (boolean),suspicious-bc-missing,死映射 (javap member-missing + 03 名缺失)
field,com.corrodinggames.rts.game.units.custom,bn,aU,restrictBuildings,Restrict buildings flag (boolean),suspicious-bc-missing,死映射 (javap member-missing + 03 名缺失)
field,com.corrodinggames.rts.game.units.custom,bn,aV,restrictProjectiles,Restrict projectiles flag (boolean),suspicious-bc-missing,死映射 (javap member-missing + 03 名缺失)
field,com.corrodinggames.rts.game.units.custom,bn,aW,restrictDecorations,Restrict decorations flag (boolean),suspicious-bc-missing,死映射 (javap member-missing + 03 名缺失)
field,com.corrodinggames.rts.game.units.custom,bn,aX,teamCount,Team count (int  default -1=unset),suspicious-bc-missing,死映射 (javap member-missing + 03 名缺失)
field,com.corrodinggames.rts.game.units.custom,bn,aY,teamSizeFixed,Team size is fixed (boolean),suspicious-bc-missing,死映射 (javap member-missing + 03 名缺失)
field,com.corrodinggames.rts.game.units.custom,bn,aZ,gameModeIndex,Game mode index (int  default -1=unset),suspicious-bc-missing,死映射 (javap member-missing + 03 名缺失)
field,com.corrodinggames.rts.game.units.custom,bn,bA,spawnModeIndex,Spawn mode index (int  -1=unset),suspicious-bc-missing,死映射 (javap member-missing + 03 名缺失)
field,com.corrodinggames.rts.game.units.custom,bn,bB,fogModeIndex,Fog mode index (int  -1=unset),suspicious-bc-missing,死映射 (javap member-missing + 03 名缺失)
field,com.corrodinggames.rts.game.units.custom,bn,bC,customGameLogic,Custom game logic script (bp),suspicious-bc-missing,死映射 (javap member-missing + 03 名缺失)
field,com.corrodinggames.rts.game.units.custom,bn,bD,disableNukes,Disable nuke weapons (boolean),suspicious-bc-missing,死映射 (javap member-missing + 03 名缺失)
field,com.corrodinggames.rts.game.units.custom,bn,ba,gameModeCustom,Game mode is custom (boolean),suspicious-bc-missing,死映射 (javap member-missing + 03 名缺失)
field,com.corrodinggames.rts.game.units.custom,bn,bc,hpMultiplier,Global HP multiplier (float),suspicious-bc-missing,死映射 (javap member-missing + 03 名缺失)
field,com.corrodinggames.rts.game.units.custom,bn,be,buildSpeedMultiplier,Global build speed multiplier (float),suspicious-bc-missing,死映射 (javap member-missing + 03 名缺失)
field,com.corrodinggames.rts.game.units.custom,bn,bf,resourceMultiplier,Global resource multiplier (float),suspicious-bc-missing,死映射 (javap member-missing + 03 名缺失)
field,com.corrodinggames.rts.game.units.custom,bn,bg,useCustomBalance,Use custom game balance (boolean),suspicious-bc-missing,死映射 (javap member-missing + 03 名缺失)
field,com.corrodinggames.rts.game.units.custom,bn,bh,startingCreditsMultiplier,Starting credits multiplier (float),suspicious-bc-missing,死映射 (javap member-missing + 03 名缺失)
field,com.corrodinggames.rts.game.units.custom,bn,bi,showCustomSettings,Show custom settings in UI (boolean),suspicious-bc-missing,死映射 (javap member-missing + 03 名缺失)
field,com.corrodinggames.rts.game.units.custom,bn,bj,allowCustomMaps,Allow custom maps (boolean),suspicious-bc-missing,死映射 (javap member-missing + 03 名缺失)
field,com.corrodinggames.rts.game.units.custom,bn,bk,allowCustomCampaigns,Allow custom campaigns (boolean),suspicious-bc-missing,死映射 (javap member-missing + 03 名缺失)
field,com.corrodinggames.rts.game.units.custom,bn,bl,useCustomVictoryCondition,Use custom victory condition (boolean),suspicious-bc-missing,死映射 (javap member-missing + 03 名缺失)
field,com.corrodinggames.rts.game.units.custom,bn,bm,victoryConditionTimer,Victory condition timer (int),suspicious-bc-missing,死映射 (javap member-missing + 03 名缺失)
field,com.corrodinggames.rts.game.units.custom,bn,bn,eliminationMode,Elimination/deathmatch mode (boolean),suspicious-bc-missing,死映射 (javap member-missing + 03 名缺失)
field,com.corrodinggames.rts.game.units.custom,bn,bo,aiPersonalityValue,AI personality value (float),suspicious-bc-missing,死映射 (javap member-missing + 03 名缺失)
field,com.corrodinggames.rts.game.units.custom,bn,bp,aiAggressionValue,AI aggression value (float),suspicious-bc-missing,死映射 (javap member-missing + 03 名缺失)
field,com.corrodinggames.rts.game.units.custom,bn,bq,maxGameDuration,Max game duration seconds (int),suspicious-bc-missing,死映射 (javap member-missing + 03 名缺失)
field,com.corrodinggames.rts.game.units.custom,bn,br,allowObserverChat,Allow observer chat (boolean),suspicious-bc-missing,死映射 (javap member-missing + 03 名缺失)
field,com.corrodinggames.rts.game.units.custom,bn,bs,forceRandomSpawns,Force random spawn positions (boolean),suspicious-bc-missing,死映射 (javap member-missing + 03 名缺失)
field,com.corrodinggames.rts.game.units.custom,bn,bt,pathingConfig,Pathfinding configuration (units.ab),suspicious-bc-missing,死映射 (javap member-missing + 03 名缺失)
field,com.corrodinggames.rts.game.units.custom,bn,bu,enableFriendlyFire,Enable friendly fire (boolean),suspicious-bc-missing,死映射 (javap member-missing + 03 名缺失)
field,com.corrodinggames.rts.game.units.custom,bn,bv,enableUnitBounty,Enable unit kill bounty (boolean),suspicious-bc-missing,死映射 (javap member-missing + 03 名缺失)
field,com.corrodinggames.rts.game.units.custom,bn,bw,modMetadataA,Mod metadata object A (z),suspicious-bc-missing,死映射 (javap member-missing + 03 名缺失)
field,com.corrodinggames.rts.game.units.custom,bn,bx,modMetadataB,Mod metadata object B (z),suspicious-bc-missing,死映射 (javap member-missing + 03 名缺失)
field,com.corrodinggames.rts.game.units.custom,bn,by,modMetadataC,Mod metadata object C (z),suspicious-bc-missing,死映射 (javap member-missing + 03 名缺失)
field,com.corrodinggames.rts.game.units.custom,bn,bz,gameModeConfig,Game mode configuration (bl),suspicious-bc-missing,死映射 (javap member-missing + 03 名缺失)
field,com.corrodinggames.rts.game.units.custom,f,O,floatArray14,[Phase3-inferred] type=float[],suspicious-bc-missing,占位名垃圾 (do_*/get_+字母/类型+数字/描述句)
field,com.corrodinggames.rts.game.units.custom,f,P,short15,[Phase3-inferred] type=short,suspicious-bc-missing,占位名垃圾 (do_*/get_+字母/类型+数字/描述句)
field,com.corrodinggames.rts.game.units.custom,f,Q,short16,[Phase3-inferred] type=short,suspicious-bc-missing,占位名垃圾 (do_*/get_+字母/类型+数字/描述句)
field,com.corrodinggames.rts.game.units.custom,f,R,short17,[Phase3-inferred] type=short,suspicious-bc-missing,占位名垃圾 (do_*/get_+字母/类型+数字/描述句)
field,com.corrodinggames.rts.game.units.custom,r,e,modifierValue,Modifier value (float),suspicious-bc-missing,死映射 (javap member-missing + 03 名缺失)
field,com.corrodinggames.rts.game.units.custom,r,f,modifierFlags,Modifier flags (int),suspicious-bc-missing,死映射 (javap member-missing + 03 名缺失)
method,com.corrodinggames.rts.game.units.custom.b,i,a,get_a,"""[Phase3-method] returns boolean""",suspicious-bc-missing,占位名垃圾 (do_*/get_+字母/类型+数字/描述句)
method,com.corrodinggames.rts.game.units.custom.b,i,aG,do_aG,"""[Phase3-method] returns void""",suspicious-bc-missing,占位名垃圾 (do_*/get_+字母/类型+数字/描述句)
method,com.corrodinggames.rts.game.units.custom.b,i,b,get_b,"""[Phase3-method] returns int""",suspicious-bc-missing,占位名垃圾 (do_*/get_+字母/类型+数字/描述句)
method,com.corrodinggames.rts.game.units.custom.b,n,A,get_A,"""[Phase3-method] returns int""",suspicious-bc-missing,占位名垃圾 (do_*/get_+字母/类型+数字/描述句)
method,com.corrodinggames.rts.game.units.custom.b,n,B,get_B,"""[Phase3-method] returns boolean""",suspicious-bc-missing,占位名垃圾 (do_*/get_+字母/类型+数字/描述句)
method,com.corrodinggames.rts.game.units.custom.b,n,C,get_C,"""[Phase3-method] returns int""",suspicious-bc-missing,占位名垃圾 (do_*/get_+字母/类型+数字/描述句)
method,com.corrodinggames.rts.game.units.custom.b,n,D,get_D,"""[Phase3-method] returns float""",suspicious-bc-missing,占位名垃圾 (do_*/get_+字母/类型+数字/描述句)
method,com.corrodinggames.rts.game.units.custom.b,n,E,get_E,"""[Phase3-method] returns float""",suspicious-bc-missing,占位名垃圾 (do_*/get_+字母/类型+数字/描述句)
method,com.corrodinggames.rts.game.units.custom.b,n,F,do_F,"""[Phase3-method] returns void""",suspicious-bc-missing,占位名垃圾 (do_*/get_+字母/类型+数字/描述句)
method,com.corrodinggames.rts.game.units.custom.b,n,G,get_G,"""[Phase3-method] returns int""",suspicious-bc-missing,占位名垃圾 (do_*/get_+字母/类型+数字/描述句)
method,com.corrodinggames.rts.game.units.custom.b,n,H,get_H,"""[Phase3-method] returns int""",suspicious-bc-missing,占位名垃圾 (do_*/get_+字母/类型+数字/描述句)
method,com.corrodinggames.rts.game.units.custom.b,n,I,do_I,"""[Phase3-method] returns void""",suspicious-bc-missing,占位名垃圾 (do_*/get_+字母/类型+数字/描述句)
method,com.corrodinggames.rts.game.units.custom.b,n,J,do_J,"""[Phase3-method] returns void""",suspicious-bc-missing,占位名垃圾 (do_*/get_+字母/类型+数字/描述句)
method,com.corrodinggames.rts.game.units.custom.b,n,K,get_K,"""[Phase3-method] returns int""",suspicious-bc-missing,占位名垃圾 (do_*/get_+字母/类型+数字/描述句)
method,com.corrodinggames.rts.game.units.custom.b,n,L,do_L,"""[Phase3-method] returns void""",suspicious-bc-missing,占位名垃圾 (do_*/get_+字母/类型+数字/描述句)
method,com.corrodinggames.rts.game.units.custom.b,n,M,get_M,"""[Phase3-method] returns int""",suspicious-bc-missing,占位名垃圾 (do_*/get_+字母/类型+数字/描述句)
method,com.corrodinggames.rts.game.units.custom.b,n,N,get_N,"""[Phase3-method] returns java.lang.String""",suspicious-bc-missing,占位名垃圾 (do_*/get_+字母/类型+数字/描述句)
method,com.corrodinggames.rts.game.units.custom.b,n,O,do_O,"""[Phase3-method] returns void""",suspicious-bc-missing,占位名垃圾 (do_*/get_+字母/类型+数字/描述句)
method,com.corrodinggames.rts.game.units.custom.b,n,P,do_P,"""[Phase3-method] returns void""",suspicious-bc-missing,占位名垃圾 (do_*/get_+字母/类型+数字/描述句)
method,com.corrodinggames.rts.game.units.custom.b,n,Q,do_Q,"""[Phase3-method] returns void""",suspicious-bc-missing,占位名垃圾 (do_*/get_+字母/类型+数字/描述句)
method,com.corrodinggames.rts.game.units.custom.b,n,R,get_R,"""[Phase3-method] returns int""",suspicious-bc-missing,占位名垃圾 (do_*/get_+字母/类型+数字/描述句)
method,com.corrodinggames.rts.game.units.custom.b,n,S,get_S,"""[Phase3-method] returns int""",suspicious-bc-missing,占位名垃圾 (do_*/get_+字母/类型+数字/描述句)
method,com.corrodinggames.rts.game.units.custom.b,n,T,do_T,"""[Phase3-method] returns void""",suspicious-bc-missing,占位名垃圾 (do_*/get_+字母/类型+数字/描述句)
field,com.corrodinggames.rts.game.units.custom.c,f,O,floatArray14,[Phase3-inferred] type=float[],suspicious-bc-missing,占位名垃圾 (do_*/get_+字母/类型+数字/描述句)
field,com.corrodinggames.rts.game.units.custom.c,f,P,short15,[Phase3-inferred] type=short,suspicious-bc-missing,占位名垃圾 (do_*/get_+字母/类型+数字/描述句)
field,com.corrodinggames.rts.game.units.custom.c,f,Q,short16,[Phase3-inferred] type=short,suspicious-bc-missing,占位名垃圾 (do_*/get_+字母/类型+数字/描述句)
field,com.corrodinggames.rts.game.units.custom.c,f,R,short17,[Phase3-inferred] type=short,suspicious-bc-missing,占位名垃圾 (do_*/get_+字母/类型+数字/描述句)
field,com.corrodinggames.rts.game.units.custom.d,a,c,storageAmount,Current storage amount (float),suspicious-bc-missing,死映射 (javap member-missing + 03 名缺失)
field,com.corrodinggames.rts.game.units.custom.d,a,f,maxStorageCapacity,Maximum storage capacity (int),suspicious-bc-missing,死映射 (javap member-missing + 03 名缺失)
field,com.corrodinggames.rts.game.units.custom.d,a,i,uiDisplayOrder,UI sort/display order (int),suspicious-bc-missing,死映射 (javap member-missing + 03 名缺失)
field,com.corrodinggames.rts.game.units.custom.d,a,j,resourceFlags,Resource behavior flags (int),suspicious-bc-missing,死映射 (javap member-missing + 03 名缺失)
field,com.corrodinggames.rts.game.units.custom.d,a,l,resourceBarColor,Resource bar color (static int ARGB),suspicious-bc-missing,死映射 (javap member-missing + 03 名缺失)
field,com.corrodinggames.rts.game.units.custom.d,a,m,defaultResourceType,Default empty resource type (static e.f),suspicious-bc-missing,死映射 (javap member-missing + 03 名缺失)
field,com.corrodinggames.rts.gameFramework,aj,a,bindingMapA,Key binding map A (static aj),suspicious-bc-missing,死映射 (javap member-missing + 03 名缺失)
field,com.corrodinggames.rts.gameFramework,aj,b,bindingMapB,Key binding map B (static ai),suspicious-bc-missing,死映射 (javap member-missing + 03 名缺失)
field,com.corrodinggames.rts.gameFramework,aj,n,cameraUpAlt,Camera Up alternate binding (ad,suspicious-bc-missing,死映射 (javap member-missing + 03 名缺失)
field,com.corrodinggames.rts.gameFramework,aj,o,cameraDownAlt,Camera Down alternate binding (ad,suspicious-bc-missing,死映射 (javap member-missing + 03 名缺失)
field,com.corrodinggames.rts.gameFramework,aj,p,cameraLeftAlt,Camera Left alternate binding (ad,suspicious-bc-missing,死映射 (javap member-missing + 03 名缺失)
field,com.corrodinggames.rts.gameFramework,aj,q,cameraRightAlt,Camera Right alternate binding (ad,suspicious-bc-missing,死映射 (javap member-missing + 03 名缺失)
field,com.corrodinggames.rts.gameFramework,aj,r,zoomInAlt,Zoom In alternate binding (ad,suspicious-bc-missing,死映射 (javap member-missing + 03 名缺失)
field,com.corrodinggames.rts.gameFramework,aj,s,zoomOutAlt,Zoom Out alternate binding (ad,suspicious-bc-missing,死映射 (javap member-missing + 03 名缺失)
field,com.corrodinggames.rts.gameFramework,aj,t,sendChatAlt,Send Chat alternate binding (ad,suspicious-bc-missing,死映射 (javap member-missing + 03 名缺失)
field,com.corrodinggames.rts.gameFramework,w,es,objectWidth,Object bounding width,suspicious-bc-missing,死映射 (javap member-missing + 03 名缺失)
field,com.corrodinggames.rts.gameFramework,w,et,objectHeight,Object bounding height,suspicious-bc-missing,死映射 (javap member-missing + 03 名缺失)
field,com.corrodinggames.rts.gameFramework,w,eu,boundingRadius,Circular bounding radius,suspicious-bc-missing,死映射 (javap member-missing + 03 名缺失)
method,com.corrodinggames.rts.gameFramework,w,g,onPositionChanged,[[MANUAL: GameObject base overload]: multi-overload — needs manual disambiguation] Callback when position changes (0 overloads),suspicious-bc-missing,死映射 (javap member-missing + 03 名缺失)
method,com.corrodinggames.rts.gameFramework,w,j,getDisplayName,[[MANUAL: GameObject base overload]: multi-overload — needs manual disambiguation] Return display name for debug/UI (0 overloads),suspicious-bc-missing,死映射 (javap member-missing + 03 名缺失)
method,com.corrodinggames.rts.gameFramework,w,k,onAddedToWorld,[[MANUAL: GameObject base overload]: multi-overload — needs manual disambiguation] Callback when added to game world (0 overloads),suspicious-bc-missing,死映射 (javap member-missing + 03 名缺失)
method,com.corrodinggames.rts.gameFramework,w,l,onRemovedFromWorld,[[MANUAL: GameObject base overload]: multi-overload — needs manual disambiguation] Callback when removed from world (0 overloads),suspicious-bc-missing,死映射 (javap member-missing + 03 名缺失)
field,com.corrodinggames.rts.gameFramework.a,h,A,soundBugDie,Bug death sound (static i),suspicious-bc-missing,死映射 (javap member-missing + 03 名缺失)
field,com.corrodinggames.rts.gameFramework.a,h,B,soundBugAttack,Bug attack sound (static i),suspicious-bc-missing,死映射 (javap member-missing + 03 名缺失)
field,com.corrodinggames.rts.gameFramework.a,h,C,soundNukeExplode,Nuke explosion sound (static i),suspicious-bc-missing,死映射 (javap member-missing + 03 名缺失)
field,com.corrodinggames.rts.gameFramework.a,h,D,soundNukeLaunch,Nuke launch sound (static i),suspicious-bc-missing,死映射 (javap member-missing + 03 名缺失)
field,com.corrodinggames.rts.gameFramework.a,h,E,soundLaserDeflect,Laser deflect sound 1 (static i),suspicious-bc-missing,死映射 (javap member-missing + 03 名缺失)
field,com.corrodinggames.rts.gameFramework.a,h,F,soundLaserDeflect2,Laser deflect sound 2 (static i),suspicious-bc-missing,死映射 (javap member-missing + 03 名缺失)
field,com.corrodinggames.rts.gameFramework.a,h,b,soundDisabled,Sound disabled flag (boolean),suspicious-bc-missing,死映射 (javap member-missing + 03 名缺失)
field,com.corrodinggames.rts.gameFramework.a,h,c,soundFactory,Sound factory (static h = SoundFactory),suspicious-bc-missing,死映射 (javap member-missing + 03 名缺失)
field,com.corrodinggames.rts.gameFramework.a,h,d,soundAttack2,Attack sound variant 2 (static i = Sound),suspicious-bc-missing,死映射 (javap member-missing + 03 名缺失)
field,com.corrodinggames.rts.gameFramework.a,h,e,soundAttack,Attack sound (static i),suspicious-bc-missing,死映射 (javap member-missing + 03 名缺失)
field,com.corrodinggames.rts.gameFramework.a,h,f,soundMove,Move order sound (static i),suspicious-bc-missing,死映射 (javap member-missing + 03 名缺失)
field,com.corrodinggames.rts.gameFramework.a,h,g,soundClick,UI click sound (static i),suspicious-bc-missing,死映射 (javap member-missing + 03 名缺失)
field,com.corrodinggames.rts.gameFramework.a,h,i,soundClickRemove,Unit remove click sound (static i),suspicious-bc-missing,死映射 (javap member-missing + 03 名缺失)
field,com.corrodinggames.rts.gameFramework.a,h,j,soundWarning,Warning alert sound (static i),suspicious-bc-missing,死映射 (javap member-missing + 03 名缺失)
field,com.corrodinggames.rts.gameFramework.a,h,k,soundMessage,Message notification sound (static i),suspicious-bc-missing,死映射 (javap member-missing + 03 名缺失)
field,com.corrodinggames.rts.gameFramework.a,h,l,soundInterfaceError,Interface error sound (static i),suspicious-bc-missing,死映射 (javap member-missing + 03 名缺失)
field,com.corrodinggames.rts.gameFramework.a,h,m,soundMissileFire,Missile launch sound (static i),suspicious-bc-missing,死映射 (javap member-missing + 03 名缺失)
field,com.corrodinggames.rts.gameFramework.a,h,n,soundMissileHit,Missile impact sound (static i),suspicious-bc-missing,死映射 (javap member-missing + 03 名缺失)
field,com.corrodinggames.rts.gameFramework.a,h,o,soundUnitExplode,Unit explosion sound (static i),suspicious-bc-missing,死映射 (javap member-missing + 03 名缺失)
field,com.corrodinggames.rts.gameFramework.a,h,p,soundBuildingExplode,Building explosion sound (static i),suspicious-bc-missing,死映射 (javap member-missing + 03 名缺失)
field,com.corrodinggames.rts.gameFramework.a,h,q,soundTankFiring,Tank cannon firing sound (static i),suspicious-bc-missing,死映射 (javap member-missing + 03 名缺失)
field,com.corrodinggames.rts.gameFramework.a,h,r,soundCannonFiring,Cannon firing sound (static i),suspicious-bc-missing,死映射 (javap member-missing + 03 名缺失)
field,com.corrodinggames.rts.gameFramework.a,h,s,soundGunFire,Gun fire sound (static i),suspicious-bc-missing,死映射 (javap member-missing + 03 名缺失)
field,com.corrodinggames.rts.gameFramework.a,h,t,soundFiring3,Weapon fire variant 3 (static i),suspicious-bc-missing,死映射 (javap member-missing + 03 名缺失)
field,com.corrodinggames.rts.gameFramework.a,h,u,soundFiring4,Weapon fire variant 4 (static i),suspicious-bc-missing,死映射 (javap member-missing + 03 名缺失)
field,com.corrodinggames.rts.gameFramework.a,h,v,soundLargeGunFire1,Large gun fire variant 1 (static i),suspicious-bc-missing,死映射 (javap member-missing + 03 名缺失)
field,com.corrodinggames.rts.gameFramework.a,h,w,soundLargeGunFire2,Large gun fire variant 2 (static i),suspicious-bc-missing,死映射 (javap member-missing + 03 名缺失)
field,com.corrodinggames.rts.gameFramework.a,h,x,soundLightningBurst,Lightning burst sound (static i),suspicious-bc-missing,死映射 (javap member-missing + 03 名缺失)
field,com.corrodinggames.rts.gameFramework.a,h,y,soundPlasmaFire,Plasma fire sound (static i),suspicious-bc-missing,死映射 (javap member-missing + 03 名缺失)
field,com.corrodinggames.rts.gameFramework.a,h,z,soundPlasmaFire2,Plasma fire variant 2 (static i),suspicious-bc-missing,死映射 (javap member-missing + 03 名缺失)
method,com.corrodinggames.rts.gameFramework.a,i,aG,do_aG,"""[Phase3-method] returns void""",suspicious-bc-missing,占位名垃圾 (do_*/get_+字母/类型+数字/描述句)
method,com.corrodinggames.rts.gameFramework.a,i,b,get_b,"""[Phase3-method] returns int""",suspicious-bc-missing,占位名垃圾 (do_*/get_+字母/类型+数字/描述句)
method,com.corrodinggames.rts.gameFramework.b,b,l,resetRendererState,[[MANUAL: GL batch renderer overload - low-level]: multi-overload — needs manual disambiguation] Reset all cached GL state,suspicious-bc-missing,死映射 (javap member-missing + 03 名缺失)
method,com.corrodinggames.rts.gameFramework.b,b,m,beginBatchMode,[[MANUAL: GL batch renderer overload - low-level]: multi-overload — needs manual disambiguation] Enter batch rendering mode,suspicious-bc-missing,死映射 (javap member-missing + 03 名缺失)
method,com.corrodinggames.rts.gameFramework.b,b,n,beginImmediateMode,[[MANUAL: GL batch renderer overload - low-level]: multi-overload — needs manual disambiguation] Enter immediate rendering mode,suspicious-bc-missing,死映射 (javap member-missing + 03 名缺失)
method,com.corrodinggames.rts.gameFramework.b,b,o,flushBatch,[[MANUAL: GL batch renderer overload - low-level]: multi-overload — needs manual disambiguation] Flush batch drawer,suspicious-bc-missing,死映射 (javap member-missing + 03 名缺失)
method,com.corrodinggames.rts.gameFramework.b,b,p,clearGlErrors,[[MANUAL: GL batch renderer overload - low-level]: multi-overload — needs manual disambiguation] Consume all pending GL error codes,suspicious-bc-missing,死映射 (javap member-missing + 03 名缺失)
method,com.corrodinggames.rts.gameFramework.b,b,q,checkGlError,[[MANUAL: GL batch renderer overload - low-level]: multi-overload — needs manual disambiguation] Check GL error if debug enabled,suspicious-bc-missing,死映射 (javap member-missing + 03 名缺失)
method,com.corrodinggames.rts.gameFramework.b,b,r,checkGlErrorAlways,[[MANUAL: GL batch renderer overload - low-level]: multi-overload — needs manual disambiguation] Check GL error unconditionally,suspicious-bc-missing,死映射 (javap member-missing + 03 名缺失)
method,com.corrodinggames.rts.gameFramework.b,b,t,getCurrentRenderTarget,[[MANUAL: GL batch renderer overload - low-level]: multi-overload — needs manual disambiguation] Return top of render-target stack,suspicious-bc-missing,死映射 (javap member-missing + 03 名缺失)
method,com.corrodinggames.rts.gameFramework.b,b,u,checkFramebufferGLES20,[[MANUAL: GL batch renderer overload - low-level]: multi-overload — needs manual disambiguation] Check GLES20 framebuffer completeness,suspicious-bc-missing,死映射 (javap member-missing + 03 名缺失)
method,com.corrodinggames.rts.gameFramework.b,b,v,checkFramebufferOES,[[MANUAL: GL batch renderer overload - low-level]: multi-overload — needs manual disambiguation] Check OES framebuffer completeness,suspicious-bc-missing,死映射 (javap member-missing + 03 名缺失)
method,com.corrodinggames.rts.gameFramework.b,i,aG,do_aG,"""[Phase3-method] returns void""",suspicious-bc-missing,占位名垃圾 (do_*/get_+字母/类型+数字/描述句)
method,com.corrodinggames.rts.gameFramework.b,i,b,get_b,"""[Phase3-method] returns int""",suspicious-bc-missing,占位名垃圾 (do_*/get_+字母/类型+数字/描述句)
method,com.corrodinggames.rts.gameFramework.b,n,A,get_A,"""[Phase3-method] returns int""",suspicious-bc-missing,占位名垃圾 (do_*/get_+字母/类型+数字/描述句)
method,com.corrodinggames.rts.gameFramework.b,n,B,get_B,"""[Phase3-method] returns boolean""",suspicious-bc-missing,占位名垃圾 (do_*/get_+字母/类型+数字/描述句)
method,com.corrodinggames.rts.gameFramework.b,n,C,get_C,"""[Phase3-method] returns int""",suspicious-bc-missing,占位名垃圾 (do_*/get_+字母/类型+数字/描述句)
method,com.corrodinggames.rts.gameFramework.b,n,D,get_D,"""[Phase3-method] returns float""",suspicious-bc-missing,占位名垃圾 (do_*/get_+字母/类型+数字/描述句)
method,com.corrodinggames.rts.gameFramework.b,n,E,get_E,"""[Phase3-method] returns float""",suspicious-bc-missing,占位名垃圾 (do_*/get_+字母/类型+数字/描述句)
method,com.corrodinggames.rts.gameFramework.b,n,F,do_F,"""[Phase3-method] returns void""",suspicious-bc-missing,占位名垃圾 (do_*/get_+字母/类型+数字/描述句)
method,com.corrodinggames.rts.gameFramework.b,n,G,get_G,"""[Phase3-method] returns int""",suspicious-bc-missing,占位名垃圾 (do_*/get_+字母/类型+数字/描述句)
method,com.corrodinggames.rts.gameFramework.b,n,H,get_H,"""[Phase3-method] returns int""",suspicious-bc-missing,占位名垃圾 (do_*/get_+字母/类型+数字/描述句)
method,com.corrodinggames.rts.gameFramework.b,n,I,do_I,"""[Phase3-method] returns void""",suspicious-bc-missing,占位名垃圾 (do_*/get_+字母/类型+数字/描述句)
method,com.corrodinggames.rts.gameFramework.b,n,J,do_J,"""[Phase3-method] returns void""",suspicious-bc-missing,占位名垃圾 (do_*/get_+字母/类型+数字/描述句)
method,com.corrodinggames.rts.gameFramework.b,n,K,get_K,"""[Phase3-method] returns int""",suspicious-bc-missing,占位名垃圾 (do_*/get_+字母/类型+数字/描述句)
method,com.corrodinggames.rts.gameFramework.b,n,L,do_L,"""[Phase3-method] returns void""",suspicious-bc-missing,占位名垃圾 (do_*/get_+字母/类型+数字/描述句)
method,com.corrodinggames.rts.gameFramework.b,n,M,get_M,"""[Phase3-method] returns int""",suspicious-bc-missing,占位名垃圾 (do_*/get_+字母/类型+数字/描述句)
method,com.corrodinggames.rts.gameFramework.b,n,N,get_N,"""[Phase3-method] returns java.lang.String""",suspicious-bc-missing,占位名垃圾 (do_*/get_+字母/类型+数字/描述句)
method,com.corrodinggames.rts.gameFramework.b,n,O,do_O,"""[Phase3-method] returns void""",suspicious-bc-missing,占位名垃圾 (do_*/get_+字母/类型+数字/描述句)
method,com.corrodinggames.rts.gameFramework.b,n,P,do_P,"""[Phase3-method] returns void""",suspicious-bc-missing,占位名垃圾 (do_*/get_+字母/类型+数字/描述句)
method,com.corrodinggames.rts.gameFramework.b,n,Q,do_Q,"""[Phase3-method] returns void""",suspicious-bc-missing,占位名垃圾 (do_*/get_+字母/类型+数字/描述句)
method,com.corrodinggames.rts.gameFramework.b,n,R,get_R,"""[Phase3-method] returns int""",suspicious-bc-missing,占位名垃圾 (do_*/get_+字母/类型+数字/描述句)
method,com.corrodinggames.rts.gameFramework.b,n,S,get_S,"""[Phase3-method] returns int""",suspicious-bc-missing,占位名垃圾 (do_*/get_+字母/类型+数字/描述句)
method,com.corrodinggames.rts.gameFramework.b,n,T,do_T,"""[Phase3-method] returns void""",suspicious-bc-missing,占位名垃圾 (do_*/get_+字母/类型+数字/描述句)
field,com.corrodinggames.rts.gameFramework.b,n,ae,paint0,[Phase3-inferred] type=android.graphics.Paint,suspicious-bc-missing,占位名垃圾 (do_*/get_+字母/类型+数字/描述句)
field,com.corrodinggames.rts.gameFramework.b,n,af,paint1,[Phase3-inferred] type=android.graphics.Paint,suspicious-bc-missing,占位名垃圾 (do_*/get_+字母/类型+数字/描述句)
field,com.corrodinggames.rts.gameFramework.b,n,ag,intArray2,[Phase3-inferred] type=int[],suspicious-bc-missing,占位名垃圾 (do_*/get_+字母/类型+数字/描述句)
field,com.corrodinggames.rts.gameFramework.b,n,ah,java.lang.stringArray3,[Phase3-inferred] type=java.lang.String[],suspicious-bc-missing,占位名垃圾 (do_*/get_+字母/类型+数字/描述句)
field,com.corrodinggames.rts.gameFramework.b,n,aj,counter4,[Phase3-inferred] type=int,suspicious-bc-missing,占位名垃圾 (do_*/get_+字母/类型+数字/描述句)
field,com.corrodinggames.rts.gameFramework.b,n,as,com.corrodinggames.rts.game.nArray9,[Phase3-inferred] type=com.corrodinggames.rts.game.n[],suspicious-bc-missing,占位名垃圾 (do_*/get_+字母/类型+数字/描述句)
field,com.corrodinggames.rts.gameFramework.b,n,au,counter11,[Phase3-inferred] type=int,suspicious-bc-missing,占位名垃圾 (do_*/get_+字母/类型+数字/描述句)
field,com.corrodinggames.rts.gameFramework.b,n,av,counter12,[Phase3-inferred] type=int,suspicious-bc-missing,占位名垃圾 (do_*/get_+字母/类型+数字/描述句)
field,com.corrodinggames.rts.gameFramework.c,b,isProcessing,Currently processing flag (boolean),b: field isProcessing -> Currently processing flag (boolean),suspicious-bc-missing,占位名垃圾 (do_*/get_+字母/类型+数字/描述句)
field,com.corrodinggames.rts.gameFramework.d,b,lastFrameTime,Last frame timestamp (long),b: field lastFrameTime -> Last frame timestamp (long),suspicious-bc-missing,占位名垃圾 (do_*/get_+字母/类型+数字/描述句)
field,com.corrodinggames.rts.gameFramework.d,c,deltaTime,Frame delta time (float),c: field deltaTime -> Frame delta time (float),suspicious-bc-missing,占位名垃圾 (do_*/get_+字母/类型+数字/描述句)
field,com.corrodinggames.rts.gameFramework.d,d,gameTimeAccum,Game time accumulator (float),d: field gameTimeAccum -> Game time accumulator (float),suspicious-bc-missing,占位名垃圾 (do_*/get_+字母/类型+数字/描述句)
field,com.corrodinggames.rts.gameFramework.d,e,frameTimeAccum,Frame time accumulator (float),e: field frameTimeAccum -> Frame time accumulator (float),suspicious-bc-missing,占位名垃圾 (do_*/get_+字母/类型+数字/描述句)
field,com.corrodinggames.rts.gameFramework.d,f,O,floatArray14,[Phase3-inferred] type=float[],suspicious-bc-missing,占位名垃圾 (do_*/get_+字母/类型+数字/描述句)
field,com.corrodinggames.rts.gameFramework.d,f,P,short15,[Phase3-inferred] type=short,suspicious-bc-missing,占位名垃圾 (do_*/get_+字母/类型+数字/描述句)
field,com.corrodinggames.rts.gameFramework.d,f,Q,short16,[Phase3-inferred] type=short,suspicious-bc-missing,占位名垃圾 (do_*/get_+字母/类型+数字/描述句)
field,com.corrodinggames.rts.gameFramework.d,f,R,short17,[Phase3-inferred] type=short,suspicious-bc-missing,占位名垃圾 (do_*/get_+字母/类型+数字/描述句)
field,com.corrodinggames.rts.gameFramework.d,f,fixedTimeStep,Fixed time step (float),f: field fixedTimeStep -> Fixed time step (float),suspicious-bc-missing,占位名垃圾 (do_*/get_+字母/类型+数字/描述句)
field,com.corrodinggames.rts.gameFramework.d,g,A,flag0,[Phase3-inferred] type=boolean,suspicious-bc-missing,占位名垃圾 (do_*/get_+字母/类型+数字/描述句)
field,com.corrodinggames.rts.gameFramework.d,g,D,value3,[Phase3-inferred] type=float,suspicious-bc-missing,占位名垃圾 (do_*/get_+字母/类型+数字/描述句)
field,com.corrodinggames.rts.gameFramework.d,g,E,value4,[Phase3-inferred] type=float,suspicious-bc-missing,占位名垃圾 (do_*/get_+字母/类型+数字/描述句)
field,com.corrodinggames.rts.gameFramework.d,g,F,value5,[Phase3-inferred] type=float,suspicious-bc-missing,占位名垃圾 (do_*/get_+字母/类型+数字/描述句)
field,com.corrodinggames.rts.gameFramework.d,g,G,value6,[Phase3-inferred] type=float,suspicious-bc-missing,占位名垃圾 (do_*/get_+字母/类型+数字/描述句)
field,com.corrodinggames.rts.gameFramework.d,g,H,value7,[Phase3-inferred] type=float,suspicious-bc-missing,占位名垃圾 (do_*/get_+字母/类型+数字/描述句)
field,com.corrodinggames.rts.gameFramework.d,g,I,flag8,[Phase3-inferred] type=boolean,suspicious-bc-missing,占位名垃圾 (do_*/get_+字母/类型+数字/描述句)
field,com.corrodinggames.rts.gameFramework.d,g,J,flag9,[Phase3-inferred] type=boolean,suspicious-bc-missing,占位名垃圾 (do_*/get_+字母/类型+数字/描述句)
field,com.corrodinggames.rts.gameFramework.d,g,K,value10,[Phase3-inferred] type=float,suspicious-bc-missing,占位名垃圾 (do_*/get_+字母/类型+数字/描述句)
field,com.corrodinggames.rts.gameFramework.d,g,L,flag11,[Phase3-inferred] type=boolean,suspicious-bc-missing,占位名垃圾 (do_*/get_+字母/类型+数字/描述句)
field,com.corrodinggames.rts.gameFramework.d,g,M,flag12,[Phase3-inferred] type=boolean,suspicious-bc-missing,占位名垃圾 (do_*/get_+字母/类型+数字/描述句)
field,com.corrodinggames.rts.gameFramework.d,g,N,flag13,[Phase3-inferred] type=boolean,suspicious-bc-missing,占位名垃圾 (do_*/get_+字母/类型+数字/描述句)
field,com.corrodinggames.rts.gameFramework.d,g,O,value14,[Phase3-inferred] type=float,suspicious-bc-missing,占位名垃圾 (do_*/get_+字母/类型+数字/描述句)
field,com.corrodinggames.rts.gameFramework.d,g,P,value15,[Phase3-inferred] type=float,suspicious-bc-missing,占位名垃圾 (do_*/get_+字母/类型+数字/描述句)
field,com.corrodinggames.rts.gameFramework.d,g,Q,value16,[Phase3-inferred] type=float,suspicious-bc-missing,占位名垃圾 (do_*/get_+字母/类型+数字/描述句)
field,com.corrodinggames.rts.gameFramework.d,g,R,value17,[Phase3-inferred] type=float,suspicious-bc-missing,占位名垃圾 (do_*/get_+字母/类型+数字/描述句)
field,com.corrodinggames.rts.gameFramework.d,g,S,value18,[Phase3-inferred] type=float,suspicious-bc-missing,占位名垃圾 (do_*/get_+字母/类型+数字/描述句)
field,com.corrodinggames.rts.gameFramework.d,g,T,flag19,[Phase3-inferred] type=boolean,suspicious-bc-missing,占位名垃圾 (do_*/get_+字母/类型+数字/描述句)
field,com.corrodinggames.rts.gameFramework.d,g,frameCount,Frame counter (int),g: field frameCount -> Frame counter (int),suspicious-bc-missing,占位名垃圾 (do_*/get_+字母/类型+数字/描述句)
field,com.corrodinggames.rts.gameFramework.d,h,performanceTester,Performance test ref (ao),h: field performanceTester -> Performance test ref (ao),suspicious-bc-missing,占位名垃圾 (do_*/get_+字母/类型+数字/描述句)
method,com.corrodinggames.rts.gameFramework.f,am,A(com.corrodinggames.rts.game.units.am),find_A,"""[Phase3-method] returns java.lang.String""",suspicious-bc-missing,占位名垃圾 (do_*/get_+字母/类型+数字/描述句)
method,com.corrodinggames.rts.gameFramework.f,am,B(com.corrodinggames.rts.game.units.am),accept_B,"""[Phase3-method] returns void""",suspicious-bc-missing,占位名垃圾 (do_*/get_+字母/类型+数字/描述句)
method,com.corrodinggames.rts.gameFramework.f,am,J,get_J,"""[Phase3-method] returns boolean""",suspicious-bc-missing,占位名垃圾 (do_*/get_+字母/类型+数字/描述句)
method,com.corrodinggames.rts.gameFramework.f,am,N,get_N,"""[Phase3-method] returns java.util.ArrayList""",suspicious-bc-missing,占位名垃圾 (do_*/get_+字母/类型+数字/描述句)
method,com.corrodinggames.rts.gameFramework.f,am,O,do_O,"""[Phase3-method] returns void""",suspicious-bc-missing,占位名垃圾 (do_*/get_+字母/类型+数字/描述句)
method,com.corrodinggames.rts.gameFramework.f,am,P,get_P,"""[Phase3-method] returns boolean""",suspicious-bc-missing,占位名垃圾 (do_*/get_+字母/类型+数字/描述句)
method,com.corrodinggames.rts.gameFramework.f,am,Q,get_Q,"""[Phase3-method] returns boolean""",suspicious-bc-missing,占位名垃圾 (do_*/get_+字母/类型+数字/描述句)
method,com.corrodinggames.rts.gameFramework.f,am,V,get_V,"""[Phase3-method] returns int""",suspicious-bc-missing,占位名垃圾 (do_*/get_+字母/类型+数字/描述句)
field,com.corrodinggames.rts.gameFramework.f,am,bA,counter0,[Phase3-inferred] type=int,suspicious-bc-missing,占位名垃圾 (do_*/get_+字母/类型+数字/描述句)
field,com.corrodinggames.rts.gameFramework.f,am,bB,counter1,[Phase3-inferred] type=int,suspicious-bc-missing,占位名垃圾 (do_*/get_+字母/类型+数字/描述句)
field,com.corrodinggames.rts.gameFramework.f,am,bC,counter2,[Phase3-inferred] type=int,suspicious-bc-missing,占位名垃圾 (do_*/get_+字母/类型+数字/描述句)
field,com.corrodinggames.rts.gameFramework.f,am,bF,hashMap5,[Phase3-inferred] type=java.util.HashMap,suspicious-bc-missing,占位名垃圾 (do_*/get_+字母/类型+数字/描述句)
field,com.corrodinggames.rts.gameFramework.f,am,bG,hashMap6,[Phase3-inferred] type=java.util.HashMap,suspicious-bc-missing,占位名垃圾 (do_*/get_+字母/类型+数字/描述句)
field,com.corrodinggames.rts.gameFramework.f,am,bH,hashMap7,[Phase3-inferred] type=java.util.HashMap,suspicious-bc-missing,占位名垃圾 (do_*/get_+字母/类型+数字/描述句)
field,com.corrodinggames.rts.gameFramework.f,am,bI,paint8,[Phase3-inferred] type=android.graphics.Paint,suspicious-bc-missing,占位名垃圾 (do_*/get_+字母/类型+数字/描述句)
field,com.corrodinggames.rts.gameFramework.f,am,bJ,paint9,[Phase3-inferred] type=android.graphics.Paint,suspicious-bc-missing,占位名垃圾 (do_*/get_+字母/类型+数字/描述句)
field,com.corrodinggames.rts.gameFramework.f,am,bK,lightingColorFilter10,[Phase3-inferred] type=android.graphics.LightingColorFilter,suspicious-bc-missing,占位名垃圾 (do_*/get_+字母/类型+数字/描述句)
field,com.corrodinggames.rts.gameFramework.f,am,bQ,am16,[Phase3-inferred] type=com.corrodinggames.rts.game.units.am,suspicious-bc-missing,占位名垃圾 (do_*/get_+字母/类型+数字/描述句)
field,com.corrodinggames.rts.gameFramework.f,am,bR,am17,[Phase3-inferred] type=com.corrodinggames.rts.game.units.am,suspicious-bc-missing,占位名垃圾 (do_*/get_+字母/类型+数字/描述句)
method,com.corrodinggames.rts.gameFramework.f,y,A,get_A,"""[Phase3-method] returns float""",suspicious-bc-missing,占位名垃圾 (do_*/get_+字母/类型+数字/描述句)
method,com.corrodinggames.rts.gameFramework.f,y,B,get_B,"""[Phase3-method] returns float""",suspicious-bc-missing,占位名垃圾 (do_*/get_+字母/类型+数字/描述句)
method,com.corrodinggames.rts.gameFramework.f,y,C,get_C,"""[Phase3-method] returns float""",suspicious-bc-missing,占位名垃圾 (do_*/get_+字母/类型+数字/描述句)
method,com.corrodinggames.rts.gameFramework.f,y,D,get_D,"""[Phase3-method] returns float""",suspicious-bc-missing,占位名垃圾 (do_*/get_+字母/类型+数字/描述句)
method,com.corrodinggames.rts.gameFramework.f,y,E,get_E,"""[Phase3-method] returns boolean""",suspicious-bc-missing,占位名垃圾 (do_*/get_+字母/类型+数字/描述句)
method,com.corrodinggames.rts.gameFramework.f,y,F,get_F,"""[Phase3-method] returns boolean""",suspicious-bc-missing,占位名垃圾 (do_*/get_+字母/类型+数字/描述句)
method,com.corrodinggames.rts.gameFramework.f,y,G,get_G,"""[Phase3-method] returns float""",suspicious-bc-missing,占位名垃圾 (do_*/get_+字母/类型+数字/描述句)
method,com.corrodinggames.rts.gameFramework.f,y,H,get_H,"""[Phase3-method] returns float""",suspicious-bc-missing,占位名垃圾 (do_*/get_+字母/类型+数字/描述句)
method,com.corrodinggames.rts.gameFramework.f,y,I,get_I,"""[Phase3-method] returns boolean""",suspicious-bc-missing,占位名垃圾 (do_*/get_+字母/类型+数字/描述句)
method,com.corrodinggames.rts.gameFramework.f,y,J(int),get_J,"""[Phase3-method] returns float""",suspicious-bc-missing,占位名垃圾 (do_*/get_+字母/类型+数字/描述句)
method,com.corrodinggames.rts.gameFramework.f,y,K(int),find_K,"""[Phase3-method] returns android.graphics.PointF""",suspicious-bc-missing,占位名垃圾 (do_*/get_+字母/类型+数字/描述句)
field,com.corrodinggames.rts.gameFramework.f,y,O,com.corrodinggames.rts.game.units.auArray8,[Phase3-inferred] type=com.corrodinggames.rts.game.units.au[],suspicious-bc-missing,占位名垃圾 (do_*/get_+字母/类型+数字/描述句)
field,com.corrodinggames.rts.gameFramework.f,y,R,am10,[Phase3-inferred] type=com.corrodinggames.rts.game.units.am,suspicious-bc-missing,占位名垃圾 (do_*/get_+字母/类型+数字/描述句)
field,com.corrodinggames.rts.gameFramework.f,y,Z,am18,[Phase3-inferred] type=com.corrodinggames.rts.game.units.am,suspicious-bc-missing,占位名垃圾 (do_*/get_+字母/类型+数字/描述句)
field,com.corrodinggames.rts.gameFramework.f.a,h,d,textAlignment,Text alignment enum (int),suspicious-bc-missing,死映射 (javap member-missing + 03 名缺失)
field,com.corrodinggames.rts.gameFramework.f.a,h,e,maxLines,Maximum text lines (int),suspicious-bc-missing,死映射 (javap member-missing + 03 名缺失)
field,com.corrodinggames.rts.gameFramework.f.a,h,f,isBold,Bold flag (boolean),suspicious-bc-missing,死映射 (javap member-missing + 03 名缺失)
field,com.corrodinggames.rts.gameFramework.f.a,h,g,isItalic,Italic flag (boolean),suspicious-bc-missing,死映射 (javap member-missing + 03 名缺失)
field,com.corrodinggames.rts.gameFramework.f.a,h,h,textPadding,Padding value (int),suspicious-bc-missing,死映射 (javap member-missing + 03 名缺失)
field,com.corrodinggames.rts.gameFramework.k,f,O,floatArray14,[Phase3-inferred] type=float[],suspicious-bc-missing,占位名垃圾 (do_*/get_+字母/类型+数字/描述句)
field,com.corrodinggames.rts.gameFramework.k,f,P,short15,[Phase3-inferred] type=short,suspicious-bc-missing,占位名垃圾 (do_*/get_+字母/类型+数字/描述句)
field,com.corrodinggames.rts.gameFramework.k,f,Q,short16,[Phase3-inferred] type=short,suspicious-bc-missing,占位名垃圾 (do_*/get_+字母/类型+数字/描述句)
field,com.corrodinggames.rts.gameFramework.k,f,R,short17,[Phase3-inferred] type=short,suspicious-bc-missing,占位名垃圾 (do_*/get_+字母/类型+数字/描述句)
field,com.corrodinggames.rts.gameFramework.k,f,g,cachedPathResult,Cached path result (short[]),suspicious-bc-missing,死映射 (javap member-missing + 03 名缺失)
field,com.corrodinggames.rts.gameFramework.k,f,h,cacheMap,Path cache HashMap,suspicious-bc-missing,死映射 (javap member-missing + 03 名缺失)
field,com.corrodinggames.rts.gameFramework.k,f,i,currentSearchId,Current search ID (int),suspicious-bc-missing,死映射 (javap member-missing + 03 名缺失)
field,com.corrodinggames.rts.gameFramework.k,f,j,movementCostGrid,Movement cost grid (byte[]),suspicious-bc-missing,死映射 (javap member-missing + 03 名缺失)
field,com.corrodinggames.rts.gameFramework.k,f,k,searchCount,Total search count (int),suspicious-bc-missing,死映射 (javap member-missing + 03 名缺失)
field,com.corrodinggames.rts.gameFramework.k,f,l,cacheHitCount,Cache hit count (int),suspicious-bc-missing,死映射 (javap member-missing + 03 名缺失)
field,com.corrodinggames.rts.gameFramework.k,f,o,pathFound,Path found flag (boolean),suspicious-bc-missing,死映射 (javap member-missing + 03 名缺失)
field,com.corrodinggames.rts.gameFramework.k,f,p,pathNodeCount,Path node count (int),suspicious-bc-missing,死映射 (javap member-missing + 03 名缺失)
field,com.corrodinggames.rts.gameFramework.k,f,q,pathEngineRef,PathEngine reference (private final l),suspicious-bc-missing,死映射 (javap member-missing + 03 名缺失)
field,com.corrodinggames.rts.gameFramework.k,h,f,nextSearchId,Next available search ID (static int),suspicious-bc-missing,死映射 (javap member-missing + 03 名缺失)
field,com.corrodinggames.rts.gameFramework.k,h,g,maxPathCost,Maximum path cost limit (int),suspicious-bc-missing,死映射 (javap member-missing + 03 名缺失)
field,com.corrodinggames.rts.gameFramework.k,h,j,costMultiplier,Path cost multiplier (protected Float),suspicious-bc-missing,死映射 (javap member-missing + 03 名缺失)
field,com.corrodinggames.rts.gameFramework.k,h,k,allowDiagonal,Allow diagonal movement (protected boolean),suspicious-bc-missing,死映射 (javap member-missing + 03 名缺失)
field,com.corrodinggames.rts.gameFramework.k,h,n,currentTileX,Current processing tile X (protected short),suspicious-bc-missing,死映射 (javap member-missing + 03 名缺失)
field,com.corrodinggames.rts.gameFramework.k,h,o,nodePool,A* node pool (protected ao),suspicious-bc-missing,死映射 (javap member-missing + 03 名缺失)
field,com.corrodinggames.rts.gameFramework.k,h,p,pathFound,Path found flag (boolean),suspicious-bc-missing,死映射 (javap member-missing + 03 名缺失)
field,com.corrodinggames.rts.gameFramework.k,h,q,expandedNodeCount,Expanded node count (int),suspicious-bc-missing,死映射 (javap member-missing + 03 名缺失)
field,com.corrodinggames.rts.gameFramework.k,h,t,hScore,Heuristic H score (float),suspicious-bc-missing,死映射 (javap member-missing + 03 名缺失)
field,com.corrodinggames.rts.gameFramework.k,h,u,reuseNodePool,Reuse node pool flag (boolean),suspicious-bc-missing,死映射 (javap member-missing + 03 名缺失)
field,com.corrodinggames.rts.gameFramework.k,h,v,allowLandMovement,Allow land pathing (protected boolean),suspicious-bc-missing,死映射 (javap member-missing + 03 名缺失)
field,com.corrodinggames.rts.gameFramework.k,h,w,allowWaterMovement,Allow water pathing (protected boolean),suspicious-bc-missing,死映射 (javap member-missing + 03 名缺失)
field,com.corrodinggames.rts.gameFramework.k,h,x,openNodeQueue,Open node priority queue (protected LinkedList),suspicious-bc-missing,死映射 (javap member-missing + 03 名缺失)
field,com.corrodinggames.rts.gameFramework.k,h,y,blockedGrid,Blocked terrain grid (byte[]),suspicious-bc-missing,死映射 (javap member-missing + 03 名缺失)
field,com.corrodinggames.rts.gameFramework.k,h,z,movementCostGrid,Movement cost grid (byte[]),suspicious-bc-missing,死映射 (javap member-missing + 03 名缺失)
method,com.corrodinggames.rts.gameFramework.k,i,aG,do_aG,"""[Phase3-method] returns void""",suspicious-bc-missing,占位名垃圾 (do_*/get_+字母/类型+数字/描述句)
field,com.corrodinggames.rts.gameFramework.k,i,u,closedSetSize,Closed set size (static int),suspicious-bc-missing,死映射 (javap member-missing + 03 名缺失)
field,com.corrodinggames.rts.gameFramework.m,f,O,floatArray14,[Phase3-inferred] type=float[],suspicious-bc-missing,占位名垃圾 (do_*/get_+字母/类型+数字/描述句)
field,com.corrodinggames.rts.gameFramework.m,f,P,short15,[Phase3-inferred] type=short,suspicious-bc-missing,占位名垃圾 (do_*/get_+字母/类型+数字/描述句)
field,com.corrodinggames.rts.gameFramework.m,f,Q,short16,[Phase3-inferred] type=short,suspicious-bc-missing,占位名垃圾 (do_*/get_+字母/类型+数字/描述句)
field,com.corrodinggames.rts.gameFramework.m,f,R,short17,[Phase3-inferred] type=short,suspicious-bc-missing,占位名垃圾 (do_*/get_+字母/类型+数字/描述句)
field,com.corrodinggames.rts.gameFramework.m,h,b,teamColorB,Team color variant B (static ae),suspicious-bc-missing,死映射 (javap member-missing + 03 名缺失)
field,com.corrodinggames.rts.gameFramework.m,h,c,teamColorC,Team color variant C (static ae),suspicious-bc-missing,死映射 (javap member-missing + 03 名缺失)
method,com.corrodinggames.rts.gameFramework.m,m,A,popTransformImpl,[[MANUAL: EffectConfig overload - game-lib.jar only]: multi-overload — needs manual disambiguation] Restore transform from stack,suspicious-bc-missing,死映射 (javap member-missing + 03 名缺失)
method,com.corrodinggames.rts.gameFramework.m,m,e,onFrameEnd,[[MANUAL: EffectConfig overload - game-lib.jar only]: multi-overload — needs manual disambiguation] Frame-end callback,suspicious-bc-missing,死映射 (javap member-missing + 03 名缺失)
method,com.corrodinggames.rts.gameFramework.m,m,f,endSoftwareRendering,[[MANUAL: EffectConfig overload - game-lib.jar only]: multi-overload — needs manual disambiguation] Commit pixel array to tempBitmap,suspicious-bc-missing,死映射 (javap member-missing + 03 名缺失)
method,com.corrodinggames.rts.gameFramework.m,m,g,flushAsyncTasks,[[MANUAL: EffectConfig overload - game-lib.jar only]: multi-overload — needs manual disambiguation] Process queued async render tasks,suspicious-bc-missing,死映射 (javap member-missing + 03 名缺失)
method,com.corrodinggames.rts.gameFramework.m,m,i,pushMatrix,[[MANUAL: EffectConfig overload - game-lib.jar only]: multi-overload — needs manual disambiguation] Save transformation matrix,suspicious-bc-missing,死映射 (javap member-missing + 03 名缺失)
method,com.corrodinggames.rts.gameFramework.m,m,j,popMatrix,[[MANUAL: EffectConfig overload - game-lib.jar only]: multi-overload — needs manual disambiguation] Restore transformation matrix,suspicious-bc-missing,死映射 (javap member-missing + 03 名缺失)
method,com.corrodinggames.rts.gameFramework.m,m,k,pushMatrixAlias,[[MANUAL: EffectConfig overload - game-lib.jar only]: multi-overload — needs manual disambiguation] Save matrix (alias for double push/pop),suspicious-bc-missing,死映射 (javap member-missing + 03 名缺失)
method,com.corrodinggames.rts.gameFramework.m,m,l,popMatrixAlias,[[MANUAL: EffectConfig overload - game-lib.jar only]: multi-overload — needs manual disambiguation] Restore matrix (alias for double push/pop),suspicious-bc-missing,死映射 (javap member-missing + 03 名缺失)
method,com.corrodinggames.rts.gameFramework.m,m,m,getRenderWidth,[[MANUAL: EffectConfig overload - game-lib.jar only]: multi-overload — needs manual disambiguation] Return current texture/screen width,suspicious-bc-missing,死映射 (javap member-missing + 03 名缺失)
method,com.corrodinggames.rts.gameFramework.m,m,n,getRenderHeight,[[MANUAL: EffectConfig overload - game-lib.jar only]: multi-overload — needs manual disambiguation] Return current texture/screen height,suspicious-bc-missing,死映射 (javap member-missing + 03 名缺失)
method,com.corrodinggames.rts.gameFramework.m,m,o,clearCanvas,[[MANUAL: EffectConfig overload - game-lib.jar only]: multi-overload — needs manual disambiguation] Clear display to transparent,suspicious-bc-missing,死映射 (javap member-missing + 03 名缺失)
method,com.corrodinggames.rts.gameFramework.m,m,p,flushBitmap,[[MANUAL: EffectConfig overload - game-lib.jar only]: multi-overload — needs manual disambiguation] Flush tempBitmap to hardware renderer,suspicious-bc-missing,死映射 (javap member-missing + 03 名缺失)
method,com.corrodinggames.rts.gameFramework.m,m,q,destroyGraphics,[[MANUAL: EffectConfig overload - game-lib.jar only]: multi-overload — needs manual disambiguation] Destroy Graphics context,suspicious-bc-missing,死映射 (javap member-missing + 03 名缺失)
method,com.corrodinggames.rts.gameFramework.m,m,r,getFallbackTexture,[[MANUAL: EffectConfig overload - game-lib.jar only]: multi-overload — needs manual disambiguation] Return OOM fallback texture,suspicious-bc-missing,死映射 (javap member-missing + 03 名缺失)
method,com.corrodinggames.rts.gameFramework.m,m,s,getScaleFactor,[[MANUAL: EffectConfig overload - game-lib.jar only]: multi-overload — needs manual disambiguation] Return render scale factor,suspicious-bc-missing,死映射 (javap member-missing + 03 名缺失)
method,com.corrodinggames.rts.gameFramework.m,m,t,bindActiveTexture,[[MANUAL: EffectConfig overload - game-lib.jar only]: multi-overload — needs manual disambiguation] Sync activeTexture binding with renderer,suspicious-bc-missing,死映射 (javap member-missing + 03 名缺失)
method,com.corrodinggames.rts.gameFramework.m,m,v,unbindProgram,[[MANUAL: EffectConfig overload - game-lib.jar only]: multi-overload — needs manual disambiguation] Bind GL program 0 (disable shaders),suspicious-bc-missing,死映射 (javap member-missing + 03 名缺失)
method,com.corrodinggames.rts.gameFramework.m,m,z,pushTransformImpl,[[MANUAL: EffectConfig overload - game-lib.jar only]: multi-overload — needs manual disambiguation] Save current transform onto stack,suspicious-bc-missing,死映射 (javap member-missing + 03 名缺失)
field,com.corrodinggames.rts.gameFramework.m,s,h,vertexShaderHandle,GL vertex shader handle (int),suspicious-bc-missing,死映射 (javap member-missing + 03 名缺失)
field,com.corrodinggames.rts.gameFramework.m,s,m,isCompiled,Shader compiled successfully (boolean),suspicious-bc-missing,死映射 (javap member-missing + 03 名缺失)
field,com.corrodinggames.rts.gameFramework.m,s,n,uniformCount,Active uniform count (int),suspicious-bc-missing,死映射 (javap member-missing + 03 名缺失)
field,com.corrodinggames.rts.gameFramework.m,s,o,attributeCount,Active attribute count (int),suspicious-bc-missing,死映射 (javap member-missing + 03 名缺失)
field,com.corrodinggames.rts.gameFramework.m,s,p,uniformArray,Uniform definitions array (af[]),suspicious-bc-missing,死映射 (javap member-missing + 03 名缺失)
field,com.corrodinggames.rts.gameFramework.m,s,q,tagObject,User tag object (Object),suspicious-bc-missing,死映射 (javap member-missing + 03 名缺失)
field,com.corrodinggames.rts.gameFramework.m,s,r,fragmentShaderHandle,GL fragment shader handle (int),suspicious-bc-missing,死映射 (javap member-missing + 03 名缺失)
method,com.corrodinggames.rts.gameFramework.m,x,A,get_A,"""[Phase3-method] returns float""",suspicious-bc-missing,占位名垃圾 (do_*/get_+字母/类型+数字/描述句)
method,com.corrodinggames.rts.gameFramework.m,x,B,get_B,"""[Phase3-method] returns float""",suspicious-bc-missing,占位名垃圾 (do_*/get_+字母/类型+数字/描述句)
method,com.corrodinggames.rts.gameFramework.m,x,C,get_C,"""[Phase3-method] returns float""",suspicious-bc-missing,占位名垃圾 (do_*/get_+字母/类型+数字/描述句)
method,com.corrodinggames.rts.gameFramework.m,x,D,get_D,"""[Phase3-method] returns float""",suspicious-bc-missing,占位名垃圾 (do_*/get_+字母/类型+数字/描述句)
method,com.corrodinggames.rts.gameFramework.m,x,E,get_E,"""[Phase3-method] returns boolean""",suspicious-bc-missing,占位名垃圾 (do_*/get_+字母/类型+数字/描述句)
method,com.corrodinggames.rts.gameFramework.m,x,F,get_F,"""[Phase3-method] returns boolean""",suspicious-bc-missing,占位名垃圾 (do_*/get_+字母/类型+数字/描述句)
method,com.corrodinggames.rts.gameFramework.m,x,G,get_G,"""[Phase3-method] returns float""",suspicious-bc-missing,占位名垃圾 (do_*/get_+字母/类型+数字/描述句)
method,com.corrodinggames.rts.gameFramework.m,x,H,get_H,"""[Phase3-method] returns float""",suspicious-bc-missing,占位名垃圾 (do_*/get_+字母/类型+数字/描述句)
method,com.corrodinggames.rts.gameFramework.m,x,I,get_I,"""[Phase3-method] returns boolean""",suspicious-bc-missing,占位名垃圾 (do_*/get_+字母/类型+数字/描述句)
method,com.corrodinggames.rts.gameFramework.m,x,J,get_J,"""[Phase3-method] returns boolean""",suspicious-bc-missing,占位名垃圾 (do_*/get_+字母/类型+数字/描述句)
method,com.corrodinggames.rts.gameFramework.m,x,P,get_P,"""[Phase3-method] returns boolean""",suspicious-bc-missing,占位名垃圾 (do_*/get_+字母/类型+数字/描述句)
method,com.corrodinggames.rts.gameFramework.m,x,Q,get_Q,"""[Phase3-method] returns boolean""",suspicious-bc-missing,占位名垃圾 (do_*/get_+字母/类型+数字/描述句)
field,com.corrodinggames.rts.game,i,bs,currentAIStrategy,v19.100: 2097行 团队0的AI策略 (game.a.a=AIStrategy); 回放end块 l2.bs=h2.bX 屏幕AI切换,suspicious-bc-missing,死映射 (javap member-missing + 03 名缺失)
field,com.corrodinggames.rts.game,i,bH,gameStarted,"v19.100: 2099行 a(false,GameState)启动后=true; 1036行 bH&&bG 存档计数器清零条件",suspicious-bc-missing,死映射 (javap member-missing + 03 名缺失)
field,com.corrodinggames.rts.game,i,bG,gameRunning,v19.100: 1036行 bH&&bG 运行中检查,suspicious-bc-missing,死映射 (javap member-missing + 03 名缺失)
field,com.corrodinggames.rts.game,i,bp,isBusyFlag,v19.100: a(boolean)里检查this.bp (忙碌阻塞),suspicious-bc-missing,死映射 (javap member-missing + 03 名缺失)
field,com.corrodinggames.rts.game.units,y,bV,fogProcessed,boolean; f(float) 463-466: if(!bV) 调用 c(false) 重置; 每帧处理标记,suspicious-bc-missing,死映射 (javap member-missing + 03 名缺失)
method,com.corrodinggames.rts.game.units,y,cX,updateFogSight,f(float) 528: bI() 为真时刷新单位视野,suspicious-bc-missing,死映射 (javap member-missing + 03 名缺失)
field,com.corrodinggames.rts.game.units.custom,b,a,frameTime,Time position in animation (float); 逆4-v19.133f98: 语义名在 03 存在 — 归属待迁 (relocate-candidate),suspicious-bc-missing,名未在03声明 (仅子串命中)
field,com.corrodinggames.rts.game.units.custom,b,d,interpolation,Interpolation type enum (int); 逆4-v19.133f98: 语义名在 03 存在 — 归属待迁 (relocate-candidate),suspicious-bc-missing,名未在03声明 (仅子串命中)
field,com.corrodinggames.rts.gameFramework,aj,c,debugLeft,Debug Left key binding (ad); 逆4-v19.133f98: 语义名在 03 存在 — 归属待迁 (relocate-candidate),suspicious-bc-missing,名未在03声明 (仅子串命中)
field,com.corrodinggames.rts.gameFramework,aj,d,debugRight,Debug Right key binding (ad); 逆4-v19.133f98: 语义名在 03 存在 — 归属待迁 (relocate-candidate),suspicious-bc-missing,名未在03声明 (仅子串命中)
method,com.corrodinggames.rts.gameFramework,w,h,getSortPriority,[[MANUAL: GameObject base overload]: multi-overload — needs manual disambiguation] Return render sort priority (0 overloads); 逆4-v19.133f98: 语义名在 03 存在 — 归属待迁 (relocate-candidate),suspicious-bc-missing,名未在03声明 (仅子串命中)
method,com.corrodinggames.rts.gameFramework,w,i,isSelectable,[[MANUAL: GameObject base overload]: multi-overload — needs manual disambiguation] Whether object can be selected (0 overloads); 逆4-v19.133f98: 语义名在 03 存在 — 归属待迁 (relocate-candidate),suspicious-bc-missing,名未在03声明 (仅子串命中)
method,com.corrodinggames.rts.gameFramework,w,m,getBounds,[[MANUAL: GameObject base overload]: multi-overload — needs manual disambiguation] Return bounding rectangle (0 overloads); 逆4-v19.133f98: 语义名在 03 存在 — 归属待迁 (relocate-candidate),suspicious-bc-missing,名未在03声明 (仅子串命中)
method,com.corrodinggames.rts.gameFramework,w,n,onTick,[[MANUAL: GameObject base overload]: multi-overload — needs manual disambiguation] Per-frame update callback (0 overloads); 逆4-v19.133f98: 语义名在 03 存在 — 归属待迁 (relocate-candidate),suspicious-bc-missing,名未在03声明 (仅子串命中)
method,com.corrodinggames.rts.gameFramework,w,o,isVisible,[[MANUAL: GameObject base overload]: multi-overload — needs manual disambiguation] Check if currently visible on screen (0 overloads); 逆4-v19.133f98: 语义名在 03 存在 — 归属待迁 (relocate-candidate),suspicious-bc-missing,名未在03声明 (仅子串命中)
method,com.corrodinggames.rts.gameFramework.b,b,s,getTag,[[MANUAL: GL batch renderer overload - low-level]: multi-overload — needs manual disambiguation] Return TAG constant (class simple name); 逆4-v19.133f98: 语义名在 03 存在 — 归属待迁 (relocate-candidate),suspicious-bc-missing,名未在03声明 (仅子串命中)
field,com.corrodinggames.rts.gameFramework.f.a,h,b,textColor,Text color ARGB (int); 逆4-v19.133f98: 语义名在 03 存在 — 归属待迁 (relocate-candidate),suspicious-bc-missing,名未在03声明 (仅子串命中)
field,com.corrodinggames.rts.gameFramework.f.a,h,c,textSize,Text font size (float); 逆4-v19.133f98: 语义名在 03 存在 — 归属待迁 (relocate-candidate),suspicious-bc-missing,名未在03声明 (仅子串命中)
field,com.corrodinggames.rts.gameFramework.k,h,e,searchId,Current search ID (protected int); 逆4-v19.133f98: 语义名在 03 存在 — 归属待迁 (relocate-candidate),suspicious-bc-missing,名未在03声明 (仅子串命中)
method,com.corrodinggames.rts.gameFramework.m,m,h,activate,[[MANUAL: EffectConfig overload - game-lib.jar only]: multi-overload — needs manual disambiguation] Ensure active texture bound before draws; 逆4-v19.133f98: 语义名在 03 存在 — 归属待迁 (relocate-candidate),suspicious-bc-missing,名未在03声明 (仅子串命中)
method,com.corrodinggames.rts.gameFramework.m,m,x,shouldResizeFont,[[MANUAL: EffectConfig overload - game-lib.jar only]: multi-overload — needs manual disambiguation] Check if UI scale resize active; 逆4-v19.133f98: 语义名在 03 存在 — 归属待迁 (relocate-candidate),suspicious-bc-missing,名未在03声明 (仅子串命中)
method,com.corrodinggames.rts.game,f,a(am,am,float,f,"逆5a: 截断行 name 丢失 (javap missing, member 重建 a(am,am,float,f)"
method,com.corrodinggames.rts.game.units,am,a(af,am,h,"""VariableScope)""","逆5a: 截断行 name 丢失 (javap exists, member 重建 a(af,am,h,VariableScope))"
method,com.corrodinggames.rts.game.units,am,a(float,float,float,float,"逆5a: 截断行 name 丢失 (javap missing, member 重建 a(float,float,float,float)"
method,com.corrodinggames.rts.game.units,am,a(s,boolean,PointF,"""am)""","逆5a: 截断行 name 丢失 (javap exists, member 重建 a(s,boolean,PointF,am))"
method,com.corrodinggames.rts.game.units,ar,a(com.corrodinggames.rts.game.units.as, float, float, float,"逆5a: 截断行 name 丢失 (javap missing, member 重建 a(com.corrodinggames.rts.game.units.as, float, float, float)"
method,com.corrodinggames.rts.game.units,y,a(au,as,n,float,"逆5a: 截断行 name 丢失 (javap missing, member 重建 a(au,as,n,float)"
method,com.corrodinggames.rts.game.units,y,a(float,float,n,boolean,"逆5a: 截断行 name 丢失 (javap missing, member 重建 a(float,float,n,boolean)"
method,com.corrodinggames.rts.game.units,y,a(int,float,float,"""float)""","逆5a: 截断行 name 丢失 (javap exists-dedup, member 重建 a(int, float, float))"
method,com.corrodinggames.rts.game.units.custom,e.f,a(boolean, boolean, int, boolean,"逆5a: 截断行 name 丢失 (javap missing, member 重建 a(boolean, boolean, int, boolean)"
method,com.corrodinggames.rts.game.units.custom,j,a(af,am,h,"""VariableScope)""","逆5a: 截断行 name 丢失 (javap exists, member 重建 a(af,am,h,VariableScope))"
method,com.corrodinggames.rts.game.units.custom,j,a(bn,int,am,boolean,"逆5a: 截断行 name 丢失 (javap missing, member 重建 a(bn,int,am,boolean)"
method,com.corrodinggames.rts.game.units.custom,j,a(f,am,int,bh,"逆5a: 截断行 name 丢失 (javap missing, member 重建 a(f,am,int,bh)"
method,com.corrodinggames.rts.game.units.custom,j,a(l,boolean,boolean,"""at[])""","逆5a: 截断行 name 丢失 (javap exists, member 重建 a(l,boolean,boolean,at[]))"
method,com.corrodinggames.rts.game.units.custom,j,a(s,PointF,am,"""int)""","逆5a: 截断行 name 丢失 (javap exists, member 重建 a(s,PointF,am,int))"
method,com.corrodinggames.rts.game.units.d,d,a(as, float, float,""" n)""","逆5a: 截断行 name 丢失 (javap exists, member 重建 a(as, float, float, n))"
method,com.corrodinggames.rts.game.units.d,d,a(y, as, ao, int,"逆5a: 截断行 name 丢失 (javap missing, member 重建 a(y, as, ao, int)"
method,com.corrodinggames.rts.gameFramework.j,ad,b(c,n,String,String),"逆5a: 截断行 name 丢失 (javap exists, member 重建 b(c,n,String,String))"
method,com.corrodinggames.rts.gameFramework.m,y,a(Texture,Rect,Rect,Paint,"逆5a: 截断行 name 丢失 (javap missing, member 重建 a(Texture,Rect,Rect,Paint)"
field,com.corrodinggames.rts.game.a,b,C,assignedZoneId,"Assigned zone ID (-9999=unset,  int)",suspicious-bc-missing,名未在03声明 (仅子串命中)
field,com.corrodinggames.rts.game.units.custom,bn,bd,speedMultiplier,"Global speed multiplier (float,  default 1.0)",suspicious-bc-missing,名未在03声明 (仅子串命中)
method,com.corrodinggames.rts.gameFramework.j,ad,"an(String,boolean,Runnable)",startServerThread,,suspicious-bc-missing,名未在03声明 (仅子串命中)
method,com.corrodinggames.rts.gameFramework.m,m,u,initGraphics,"[[MANUAL: EffectConfig overload - game-lib.jar only]: multi-overload — needs manual disambiguation] Initialize Graphics context,  mark ready",suspicious-bc-missing,名未在03声明 (仅子串命中)
method,com.corrodinggames.rts.gameFramework.m,m,w,flushCleanupQueue,"[[MANUAL: EffectConfig overload - game-lib.jar only]: multi-overload — needs manual disambiguation] Destroy all queued textures,  clear list",suspicious-bc-missing,名未在03声明 (仅子串命中)
method,d,c,"b(float, float, float)",getValues,,suspicious-bc-missing,名未在03声明 (仅子串命中)
method,d,c,"c(float, float, float)",getValues,,suspicious-bc-missing,名未在03声明 (仅子串命中)
method,d,c,"e(float, float, float)",getValues,,suspicious-bc-missing,名未在03声明 (仅子串命中)
method,d,c,"f(float, float, float)",getValues,,suspicious-bc-missing,名未在03声明 (仅子串命中)
method,d,c,<clinit>(),run,"(EffectEngine) 特效引擎: 20 种精灵表,  固定数组池 e[]",suspicious-bc-missing,名未在03声明 (仅子串命中)
method,d,c,<init>(),updateAll,"(EffectEngine) 特效引擎: 20 种精灵表,  固定数组池 e[]",suspicious-bc-missing,名未在03声明 (仅子串命中)
field,d,c,a,spriteFrameWidth,"(EffectEngine) 特效引擎: 20 种精灵表,  固定数组池 e[]",suspicious-bc-missing,名未在03声明 (仅子串命中)
method,d,c,a(com.corrodinggames.rts.gameFramework.d.h),getResult,"(EffectEngine) 特效引擎: 20 种精灵表,  固定数组池 e[]",suspicious-bc-missing,名未在03声明 (仅子串命中)
field,d,c,b,spriteFrameHeight,"(EffectEngine) 特效引擎: 20 种精灵表,  固定数组池 e[]",suspicious-bc-missing,名未在03声明 (仅子串命中)
field,d,c,c,spriteCount,"(EffectEngine) 特效引擎: 20 种精灵表,  固定数组池 e[]",suspicious-bc-missing,名未在03声明 (仅子串命中)
field,d,c,d,maxEffects,"(EffectEngine) 特效引擎: 20 种精灵表,  固定数组池 e[]",suspicious-bc-missing,名未在03声明 (仅子串命中)
field,d,c,e,effectTypeCount,"(EffectEngine) 特效引擎: 20 种精灵表,  固定数组池 e[]",suspicious-bc-missing,名未在03声明 (仅子串命中)
field,d,c,f,effectPool,"(EffectEngine) 特效引擎: 20 种精灵表,  固定数组池 e[]",suspicious-bc-missing,名未在03声明 (仅子串命中)
field,d,c,g,activeEffectCount,"(EffectEngine) 特效引擎: 20 种精灵表,  固定数组池 e[]",suspicious-bc-missing,名未在03声明 (仅子串命中)
field,d,c,i,nextEffectIndex,"(EffectEngine) 特效引擎: 20 种精灵表,  固定数组池 e[]",suspicious-bc-missing,名未在03声明 (仅子串命中)
field,d,c,j,drawLayerOrder,"(EffectEngine) 特效引擎: 20 种精灵表,  固定数组池 e[]",suspicious-bc-missing,名未在03声明 (仅子串命中)
field,d,c,k,shader,"(EffectEngine) 特效引擎: 20 种精灵表,  固定数组池 e[]",suspicious-bc-missing,名未在03声明 (仅子串命中)
field,d,c,l,textureSheet,"(EffectEngine) 特效引擎: 20 种精灵表,  固定数组池 e[]",suspicious-bc-missing,名未在03声明 (仅子串命中)
field,d,c,m,textureSheet2,"(EffectEngine) 特效引擎: 20 种精灵表,  固定数组池 e[]",suspicious-bc-missing,名未在03声明 (仅子串命中)
field,d,c,n,drawRect,"(EffectEngine) 特效引擎: 20 种精灵表,  固定数组池 e[]",suspicious-bc-missing,名未在03声明 (仅子串命中)
field,d,c,o,srcRect,"(EffectEngine) 特效引擎: 20 种精灵表,  固定数组池 e[]",suspicious-bc-missing,名未在03声明 (仅子串命中)
field,d,c,p,dstRect,"(EffectEngine) 特效引擎: 20 种精灵表,  固定数组池 e[]",suspicious-bc-missing,名未在03声明 (仅子串命中)
field,d,c,q,paint,"(EffectEngine) 特效引擎: 20 种精灵表,  固定数组池 e[]",suspicious-bc-missing,名未在03声明 (仅子串命中)
field,d,c,s,spriteSheets,"(EffectEngine) 特效引擎: 20 种精灵表,  固定数组池 e[]",suspicious-bc-missing,名未在03声明 (仅子串命中)
field,d,c,u,isDisplacementEnabled,"(EffectEngine) 特效引擎: 20 种精灵表,  固定数组池 e[]",suspicious-bc-missing,名未在03声明 (仅子串命中)
field,d,c,v,isGlowEnabled,"(EffectEngine) 特效引擎: 20 种精灵表,  固定数组池 e[]",suspicious-bc-missing,名未在03声明 (仅子串命中)
field,d,c,w,glowPaint,"(EffectEngine) 特效引擎: 20 种精灵表,  固定数组池 e[]",suspicious-bc-missing,名未在03声明 (仅子串命中)
field,d,c,x,globalScale,"(EffectEngine) 特效引擎: 20 种精灵表,  固定数组池 e[]",suspicious-bc-missing,名未在03声明 (仅子串命中)
field,d,c,y,spriteLoaded,"(EffectEngine) 特效引擎: 20 种精灵表,  固定数组池 e[]",suspicious-bc-missing,名未在03声明 (仅子串命中)
method,m,a,"onSurfaceChanged(javax.microedition.khronos.opengles.GL10, int, int)",handle,,suspicious-bc-missing,名未在03声明 (仅子串命中)
