evidence_type,string,host_class,02_location,note
phase-string,(layerBufferSize*(layerBufferCount):1024,,,
phase-string,--- ----------------- ----,,,
phase-string,--- ERROR: Skipping display mode call,,,
phase-string,--- ERROR: running outputUnitImages(),,,
phase-string,--- ERROR: running printForHelp(),,,
phase-string,--- GameEngine:init() ----,,,
phase-string,--- Loading map ---,,,
phase-string,--- setRunning ---,,,
phase-string,--- setStopped ---,,,
phase-string,--- setStoppedIfNotInGameThread ---,,,
phase-string,---- Loading map data ----,,,
phase-string,----- layerBuffers create in:51.405 ms,,,
phase-string,----- layerBuffers create in:52.1728 ms,,,
phase-string,----- layerBuffers create in:52.349 ms,,,
phase-string,----- layerBuffers create in:52.6629 ms,,,
phase-string,----- layerBuffers create in:52.7891 ms,,,
phase-string,----- layerBuffers create in:54.183 ms,,,
phase-string,----- layerBuffers create in:63.7707 ms,,,
phase-string,----- layerBuffers create in:68.7983 ms,,,
phase-string,----- layerBuffers create in:70.6656 ms,,,
phase-string,----- layerBuffers create in:70.713 ms,,,
phase-string,----- layerBuffers create in:71.4614 ms,,,
phase-string,----- layerBuffers create in:72.3593 ms,,,
phase-string,----- layerBuffers create in:74.2824 ms,,,
phase-string,------- createIndex -------,com.corrodinggames.rts.gameFramework.utility.i,,
phase-string,----------- onGameCrash ----------,,,
phase-string,--Now loading:Asset Index,,,
phase-string,--Now loading:AudioEngine,,,
phase-string,--Now loading:CollisionEngine,,,
phase-string,--Now loading:CommandController,,,
phase-string,--Now loading:Emitter.load,,,
phase-string,--Now loading:Fonts,,,
phase-string,--Now loading:GameEngine,,,
phase-string,--Now loading:GameSaver,,,
phase-string,--Now loading:GroupController,,,
phase-string,--Now loading:GuiEngine,,,
phase-string,--Now loading:InputController,,,
phase-string,--Now loading:InterfaceEngine,,,
phase-string,--Now loading:Last setup,,,
phase-string,--Now loading:Loading custom unit data,,,
phase-string,--Now loading:Loading map data,,,
phase-string,--Now loading:Map Buffers,,,
phase-string,--Now loading:ModEngine,,,
phase-string,--Now loading:MusicController,,,
phase-string,--Now loading:NetworkEngine,,,
phase-string,--Now loading:PathEngine,,,
phase-string,--Now loading:Precalculating map fog,,,
phase-string,--Now loading:Projectile.load,,,
phase-string,--Now loading:ReplayEngine,,,
phase-string,--Now loading:ScorchMark.load,,,
phase-string,--Now loading:SettingsEngine,,,
phase-string,--Now loading:StatsHandler,,,
phase-string,--Now loading:Unit.loadAllUnits,,,
phase-string,--Now loading:UnitGeoIndex,,,
phase-string,--Now loading:displayModes,,,
phase-string,--Now loading:effects.init,,,
phase-string,--Now loading:getAllUnitsChecksum,,,
phase-string,--Now loading:graphics.init,,,
phase-string,--Now loading:init complete,,,
phase-string,--Now loading:libRocket - fonts,,,
phase-string,--Now loading:loading libRocket,,,
phase-string,--Now loading:minimapHandler,,,
phase-string,--Now loading:music,,,
phase-string,--Now loading:starting controllers,,,
phase-string,========= Mods ===========,,,
phase-string,========= Mods data loaded ===========,com.corrodinggames.rts.game.units.custom.ag,,
phase-string,================================,com.corrodinggames.rts.game.units.custom.ag,,
phase-string,==Timing==,com.corrodinggames.rts.game.units.custom.ag,,
phase-string,AudioEngine took:214.911ms,,,
phase-string,AudioEngine took:223.998ms,,,
phase-string,AudioEngine took:224.597ms,,,
phase-string,AudioEngine took:224.757ms,,,
phase-string,AudioEngine took:228.930ms,,,
phase-string,AudioEngine took:229.246ms,,,
phase-string,AudioEngine took:230.504ms,,,
phase-string,AudioEngine took:230.829ms,,,
phase-string,AudioEngine took:245.272ms,,,
phase-string,AudioEngine took:245.331ms,,,
phase-string,AudioEngine took:246.132ms,,,
phase-string,AudioEngine took:254.342ms,,,
phase-string,AudioEngine took:383.070ms,,,
phase-string,Build Number: #28,,,
phase-string,"Could not find unit:combatEngineer at: 47,43",,,
phase-string,"Could not find unit:experimentalSpider at: 127,74",,,
phase-string,Created new gameEngine of:com.corrodinggames.rts.game.i,,,
phase-string,Creating BitmapOrTextureAlias: 1024x1024,,,
phase-string,Creating minimap image buffers..,,,
phase-string,CustomExceptionHandler: defaultUEH==null,,,
phase-string,CustomUnits took:72.382ms,,,
phase-string,CustomUnits took:78.710ms,,,
phase-string,CustomUnits took:80.080ms,,,
phase-string,CustomUnits took:80.846ms,,,
phase-string,CustomUnits took:81.302ms,,,
phase-string,CustomUnits took:81.380ms,,,
phase-string,CustomUnits took:81.506ms,,,
phase-string,CustomUnits took:82.469ms,,,
phase-string,CustomUnits took:86.060ms,,,
phase-string,CustomUnits took:86.849ms,,,
phase-string,CustomUnits took:87.205ms,,,
phase-string,CustomUnits took:89.934ms,,,
phase-string,CustomUnits took:94.120ms,,,
phase-string,"Density size changed now: 1.0, refreshing fonts",,,
phase-string,Disabled mod at:/SD/mods/units/dynProbeMod (name:dynProbeMod),,,
phase-string,Disabled mod at:builtin_mods/mega_builders (name:Mega Builders),,,
phase-string,Disabled mod at:builtin_mods/mega_builders (name:mega_builders),,,
phase-string,Disabling all new mods for first/new load,,,
phase-string,Done loading custom units. image cacheHits:0 image cacheMisses:0 (in: 58.6393ms),,,
phase-string,Done loading custom units. image cacheHits:0 image cacheMisses:0 (in: 62.9538ms),,,
phase-string,Done loading custom units. image cacheHits:0 image cacheMisses:0 (in: 63.5888ms),,,
phase-string,Done loading custom units. image cacheHits:0 image cacheMisses:0 (in: 66.0882ms),,,
phase-string,Done loading custom units. image cacheHits:0 image cacheMisses:0 (in: 66.1982ms),,,
phase-string,Done loading custom units. image cacheHits:0 image cacheMisses:0 (in: 66.8187ms),,,
phase-string,Done loading custom units. image cacheHits:0 image cacheMisses:0 (in: 67.4063ms),,,
phase-string,Done loading custom units. image cacheHits:0 image cacheMisses:0 (in: 68.8769ms),,,
phase-string,Done loading custom units. image cacheHits:0 image cacheMisses:0 (in: 69.0252ms),,,
phase-string,Done loading custom units. image cacheHits:0 image cacheMisses:0 (in: 70.0407ms),,,
phase-string,Done loading custom units. image cacheHits:0 image cacheMisses:0 (in: 71.6637ms),,,
phase-string,Done loading custom units. image cacheHits:0 image cacheMisses:0 (in: 75.7848ms),,,
phase-string,Done loading custom units. image cacheHits:0 image cacheMisses:0 (in: 77.1242ms),,,
phase-string,"Error message: Root locate file:Strings.properties is missing, it is required",,,
phase-string,Error message: document==null,,,
phase-string,Error message: java.lang.NullPointerException,,,
phase-string,Extra safe mode,,,
phase-string,Extra safe mode x2,,,
phase-string,Extra safe mode x3,,,
phase-string,File logging started,,,
phase-string,FileLoader: Could not find asset:assets/builtin_mods/mega_builders/mod-info.txt,,,
phase-string,FileLoader: Could not find asset:assets/maps/menu_background/menu1.tmx,,,
phase-string,FileLoader: Could not find asset:assets/maps/menu_background/menu1_moved,,,
phase-string,FileLoader: Could not find asset:assets/maps/menu_background/menu2.tmx,,,
phase-string,FileLoader: Could not find asset:assets/maps/menu_background/menu2_moved,,,
phase-string,FileLoader: Could not find asset:assets/maps/menu_background/menu3.tmx,,,
phase-string,FileLoader: Could not find asset:assets/maps/menu_background/menu3_moved,,,
phase-string,FileLoader: Could not find asset:assets/tilesets/../../decoration.tsx,,,
phase-string,FileLoader: Could not find asset:assets/tilesets/../decoration.tsx,,,
phase-string,FileLoader: Could not find asset:assets/tilesets/Long Grass.tsx,,,
phase-string,FileLoader: Could not find asset:assets/tilesets/terrain/Long Grass.tsx,,,
phase-string,FileLoader: Could not find asset:assets/translations/Strings.properties,,,
phase-string,FileLoader: isDirectory: file doesn't exist:assets/builtin_mods_enabled,,,
phase-string,FileLoader: isDirectory: file doesn't exist:mods/units,,,
phase-string,Game Code: 176,,,
phase-string,Game Version: 1.15,,,
phase-string,Game arguments:,,,
phase-string,GameEngine:GameEngine(),,,
phase-string,Init completed,,,
phase-string,Is 64bit: true,,,
phase-string,JVM freeMemory:255755640,,,
phase-string,JVM freeMemory:255889552,,,
phase-string,JVM freeMemory:256300112,,,
phase-string,JVM freeMemory:256395648,,,
phase-string,JVM freeMemory:256695128,,,
phase-string,JVM freeMemory:256896168,,,
phase-string,JVM freeMemory:256901120,,,
phase-string,JVM freeMemory:256919992,,,
phase-string,JVM maxMemory:1048576000,,,
phase-string,JVM totalMemory:262144000,,,
phase-string,LWJGL version: 2.9.3,,,
phase-string,Loaded track:Acti-Rudy_Ves-8657.ogg,,,
phase-string,Loaded track:Adama-Bobthede-11966.ogg,,,
phase-string,Loaded track:Cont-Edgen-6084.ogg,,,
phase-string,Loaded track:Ove - Earth Is All We Have.ogg,,,
phase-string,Loaded track:[noloop]Ove Melaa - Theme Crystalized.ogg,,,
phase-string,Loaded track:[noloop]The Planets - Mars (Part A).ogg,,,
phase-string,Loaded track:[noloop]The Planets - Mars (Part B).ogg,,,
phase-string,Loaded track:battletanks1B.ogg,,,
phase-string,Loaded track:sile-Justin_R-6891.ogg,,,
phase-string,Loading mod selection,,,
phase-string,Loading took:1328.049ms,,,
phase-string,Loading took:1341.206ms,,,
phase-string,Loading took:1343.872ms,,,
phase-string,Loading took:1350.454ms,,,
phase-string,Loading took:1354.761ms,,,
phase-string,Loading took:1358.850ms,,,
phase-string,Loading took:1378.908ms,,,
phase-string,Loading took:1386.673ms,,,
phase-string,Loading took:1414.083ms,,,
phase-string,Loading took:1414.135ms,,,
phase-string,Loading took:1416.080ms,,,
phase-string,Loading took:1430.191ms,,,
phase-string,Loading took:1827.063ms,,,
phase-string,Locale.init took:4.554ms,,,
phase-string,Locale.init took:4.603ms,,,
phase-string,Locale.init took:4.608ms,,,
phase-string,Locale.init took:4.809ms,,,
phase-string,Locale.init took:4.856ms,,,
phase-string,Locale.init took:4.878ms,,,
phase-string,Locale.init took:4.950ms,,,
phase-string,Locale.init took:5.139ms,,,
phase-string,Locale.init took:5.313ms,,,
phase-string,Locale.init took:6.502ms,,,
phase-string,Locale.init took:6.778ms,,,
phase-string,Locale.init took:7.449ms,,,
phase-string,Locale.init took:8.517ms,,,
phase-string,Locale: Using Strings.properties as locale,,,
phase-string,Locale: Using Strings_zh_cn.properties as locale,,,
phase-string,Locale: default targetLocale ISO3:zho,,,
phase-string,Locale: default targetLocale:zh_CN,,,
phase-string,Locale: forceEnglish,,,
phase-string,"Map size: 120, 120",,,
phase-string,"Map size: 160, 160",,,
phase-string,"Map size: 170, 170",,,
phase-string,MapLayer create: Ground,,,
phase-string,MapLayer create: Items,,,
phase-string,MapLayer create: Units,,,
phase-string,Mapfile: assets/maps/menu_background/menu1.tmx,,,
phase-string,Mapfile: assets/maps/menu_background/menu1_moved,,,
phase-string,Mapfile: assets/maps/menu_background/menu2.tmx,,,
phase-string,Mapfile: assets/maps/menu_background/menu2_moved,,,
phase-string,Mapfile: assets/maps/menu_background/menu3.tmx,,,
phase-string,Mapfile: assets/maps/menu_background/menu3_moved,,,
phase-string,Menu load failed,,,
phase-string,Mod: 'Mega Builders,,,
phase-string,Mod: 'Mega Builders' - Memory use:0.00 mb - disabled  (disabled),,,
phase-string,Mod: 'dynProbeMod,,,
phase-string,Mod: 'dynProbeMod' - Memory use:0.00 mb - disabled  (disabled),,,
phase-string,Mod: 'mega_builders,,,
phase-string,Mod: 'mega_builders' - Memory use:0.00 mb  (disabled),,,
phase-string,Mod: 'mega_builders' - Memory use:0.00 mb - disabled  (disabled),,,
phase-string,Modded Custom '/SD/mods/units' directory not found,,,
phase-string,Modded Custom 'builtin_mods_enabled' directory not found,,,
phase-string,New font:10 bold:false,,,
phase-string,New font:12 bold:false,,,
phase-string,New font:14 bold:false,,,
phase-string,New font:14 bold:true,,,
phase-string,New font:16 bold:false,,,
phase-string,New font:16 bold:true,,,
phase-string,New font:18 bold:false,,,
phase-string,New font:18 bold:true,,,
phase-string,New font:20 bold:false,,,
phase-string,New font:20 bold:true,,,
phase-string,New font:34 bold:false,,,
phase-string,New font:8 bold:false,,,
phase-string,No mod info for: mega_builders at builtin_mods/mega_builders/mod-info.txt,,,
phase-string,NotoSansCJKsc end,,,
phase-string,NotoSansCJKsc start,,,
phase-string,Number of mods:1,,,
phase-string,Number of mods:2,,,
phase-string,OS name: Windows 10,,,
phase-string,OS version: 10.0,,,
phase-string,"PathEngine:We have 20 cores, creating extra solvers",,,
phase-string,Queued:music/buildup/Acti-Rudy_Ves-8657.ogg,,,
phase-string,Queued:music/buildup/Ove - Earth Is All We Have.ogg,,,
phase-string,Queued:music/buildup/[noloop]Ove Melaa - Theme Crystalized.ogg,,,
phase-string,Queued:music/buildup/[noloop]The Planets - Mars (Part A).ogg,,,
phase-string,Queued:music/buildup/[noloop]The Planets - Mars (Part B).ogg,,,
phase-string,Queued:music/starting/Cont-Edgen-6084.ogg,,,
phase-string,Queued:music/starting/battletanks1B.ogg,,,
phase-string,Queued:music/starting/sile-Justin_R-6891.ogg,,,
phase-string,Recreating image data from texture: res/drawable/base.png (0.740ms),,,
phase-string,Recreating image data from texture: res/drawable/base.png (0.745ms),,,
phase-string,Recreating image data from texture: res/drawable/base.png (0.765ms),,,
phase-string,Recreating image data from texture: res/drawable/base.png (0.772ms),,,
phase-string,Recreating image data from texture: res/drawable/base.png (0.842ms),,,
phase-string,Recreating image data from texture: res/drawable/base.png (0.857ms),,,
phase-string,Recreating image data from texture: res/drawable/base.png (0.887ms),,,
phase-string,Recreating image data from texture: res/drawable/base.png (0.966ms),,,
phase-string,Recreating image data from texture: res/drawable/base.png (0.984ms),,,
phase-string,Recreating image data from texture: res/drawable/base.png (1.000ms),,,
phase-string,Recreating image data from texture: res/drawable/base.png (1.014ms),,,
phase-string,Recreating image data from texture: res/drawable/base.png (1.071ms),,,
phase-string,Recreating image data from texture: res/drawable/base.png (1.109ms),,,
phase-string,Recreating image data from texture: res/drawable/extractor.png (0.540ms),,,
phase-string,Recreating image data from texture: res/drawable/extractor.png (0.563ms),,,
phase-string,Recreating image data from texture: res/drawable/extractor.png (0.605ms),,,
phase-string,Recreating image data from texture: res/drawable/extractor.png (0.623ms),,,
phase-string,Recreating image data from texture: res/drawable/extractor.png (0.632ms),,,
phase-string,Recreating image data from texture: res/drawable/extractor.png (0.642ms),,,
phase-string,Recreating image data from texture: res/drawable/extractor.png (0.644ms),,,
phase-string,Recreating image data from texture: res/drawable/extractor.png (0.663ms),,,
phase-string,Recreating image data from texture: res/drawable/extractor.png (0.669ms),,,
phase-string,Recreating image data from texture: res/drawable/extractor.png (0.705ms),,,
phase-string,Recreating image data from texture: res/drawable/extractor.png (0.738ms),,,
phase-string,Recreating image data from texture: res/drawable/extractor.png (0.759ms),,,
phase-string,Recreating image data from texture: res/drawable/extractor.png (0.816ms),,,
phase-string,Recreating image data from texture: res/drawable/heavy_hover_tank.png (0.302ms),,,
phase-string,Recreating image data from texture: res/drawable/heavy_hover_tank.png (0.307ms),,,
phase-string,Recreating image data from texture: res/drawable/heavy_hover_tank.png (0.311ms),,,
phase-string,Recreating image data from texture: res/drawable/heavy_hover_tank.png (0.315ms),,,
phase-string,Recreating image data from texture: res/drawable/heavy_hover_tank.png (0.318ms),,,
phase-string,Recreating image data from texture: res/drawable/heavy_hover_tank.png (0.322ms),,,
phase-string,Recreating image data from texture: res/drawable/heavy_hover_tank.png (0.335ms),,,
phase-string,Recreating image data from texture: res/drawable/heavy_hover_tank.png (0.354ms),,,
phase-string,Recreating image data from texture: res/drawable/heavy_hover_tank.png (0.375ms),,,
phase-string,Recreating image data from texture: res/drawable/heavy_hover_tank.png (0.404ms),,,
phase-string,Recreating image data from texture: res/drawable/heavy_hover_tank.png (0.426ms),,,
phase-string,Recreating image data from texture: res/drawable/heavy_hover_tank.png (0.462ms),,,
phase-string,Recreating image data from texture: res/drawable/laser_tank_base.png (0.215ms),,,
phase-string,Recreating image data from texture: res/drawable/laser_tank_base.png (0.236ms),,,
phase-string,Recreating image data from texture: res/drawable/laser_tank_base.png (0.244ms),,,
phase-string,Recreating image data from texture: res/drawable/laser_tank_base.png (0.246ms),,,
phase-string,Recreating image data from texture: res/drawable/laser_tank_base.png (0.247ms),,,
phase-string,Recreating image data from texture: res/drawable/laser_tank_base.png (0.254ms),,,
phase-string,Recreating image data from texture: res/drawable/laser_tank_base.png (0.264ms),,,
phase-string,Recreating image data from texture: res/drawable/laser_tank_base.png (0.267ms),,,
phase-string,Recreating image data from texture: res/drawable/laser_tank_base.png (0.285ms),,,
phase-string,Recreating image data from texture: res/drawable/laser_tank_base.png (0.287ms),,,
phase-string,Recreating image data from texture: res/drawable/laser_tank_base.png (0.291ms),,,
phase-string,Recreating image data from texture: res/drawable/laser_tank_base.png (0.338ms),,,
phase-string,Recreating image data from texture: res/drawable/ship.png (0.421ms),,,
phase-string,Recreating image data from texture: res/drawable/ship.png (0.449ms),,,
phase-string,Recreating image data from texture: res/drawable/ship.png (0.455ms),,,
phase-string,Recreating image data from texture: res/drawable/ship.png (0.459ms),,,
phase-string,Recreating image data from texture: res/drawable/ship.png (0.469ms),,,
phase-string,Recreating image data from texture: res/drawable/ship.png (0.489ms),,,
phase-string,Recreating image data from texture: res/drawable/ship.png (0.497ms),,,
phase-string,Recreating image data from texture: res/drawable/ship.png (0.520ms),,,
phase-string,Recreating image data from texture: res/drawable/ship.png (0.531ms),,,
phase-string,Recreating image data from texture: res/drawable/ship.png (0.558ms),,,
phase-string,Recreating image data from texture: res/drawable/ship.png (0.582ms),,,
phase-string,Recreating image data from texture: res/drawable/ship.png (0.597ms),,,
phase-string,Recreating image data from texture: res/drawable/supply_depot.png (0.461ms),,,
phase-string,Recreating image data from texture: res/drawable/supply_depot.png (0.467ms),,,
phase-string,Recreating image data from texture: res/drawable/supply_depot.png (0.507ms),,,
phase-string,Recreating image data from texture: res/drawable/supply_depot.png (0.513ms),,,
phase-string,Recreating image data from texture: res/drawable/supply_depot.png (0.524ms),,,
phase-string,Recreating image data from texture: res/drawable/supply_depot.png (0.526ms),,,
phase-string,Recreating image data from texture: res/drawable/supply_depot.png (0.556ms),,,
phase-string,Recreating image data from texture: res/drawable/supply_depot.png (0.559ms),,,
phase-string,Recreating image data from texture: res/drawable/supply_depot.png (0.561ms),,,
phase-string,Recreating image data from texture: res/drawable/supply_depot.png (0.588ms),,,
phase-string,Recreating image data from texture: res/drawable/supply_depot.png (0.593ms),,,
phase-string,Recreating image data from texture: res/drawable/supply_depot.png (0.607ms),,,
phase-string,Recreating image data from texture: res/drawable/supply_depot.png (0.836ms),,,
phase-string,Recreating image data from texture: res/drawable/unit_icon_building.png (0.419ms),,,
phase-string,Recreating image data from texture: res/drawable/unit_icon_building.png (0.422ms),,,
phase-string,Recreating image data from texture: res/drawable/unit_icon_building.png (0.425ms),,,
phase-string,Recreating image data from texture: res/drawable/unit_icon_building.png (0.443ms),,,
phase-string,Recreating image data from texture: res/drawable/unit_icon_building.png (0.450ms),,,
phase-string,Recreating image data from texture: res/drawable/unit_icon_building.png (0.465ms),,,
phase-string,Recreating image data from texture: res/drawable/unit_icon_building.png (0.473ms),,,
phase-string,Recreating image data from texture: res/drawable/unit_icon_building.png (0.476ms),,,
phase-string,Recreating image data from texture: res/drawable/unit_icon_building.png (0.481ms),,,
phase-string,Recreating image data from texture: res/drawable/unit_icon_building.png (0.502ms),,,
phase-string,Recreating image data from texture: res/drawable/unit_icon_building.png (0.506ms),,,
phase-string,Recreating image data from texture: res/drawable/unit_icon_building.png (0.519ms),,,
phase-string,Recreating image data from texture: res/drawable/unit_icon_building.png (0.685ms),,,
phase-string,Recreating image data from texture: res/drawable/wall_v.png (0.389ms),,,
phase-string,Recreating image data from texture: res/drawable/wall_v.png (0.391ms),,,
phase-string,Recreating image data from texture: res/drawable/wall_v.png (0.435ms),,,
phase-string,Recreating image data from texture: res/drawable/wall_v.png (0.437ms),,,
phase-string,Recreating image data from texture: res/drawable/wall_v.png (0.439ms),,,
phase-string,Recreating image data from texture: res/drawable/wall_v.png (0.474ms),,,
phase-string,Recreating image data from texture: res/drawable/wall_v.png (0.479ms),,,
phase-string,Recreating image data from texture: res/drawable/wall_v.png (0.487ms),,,
phase-string,Recreating image data from texture: res/drawable/wall_v.png (0.494ms),,,
phase-string,Recreating image data from texture: res/drawable/wall_v.png (0.512ms),,,
phase-string,Recreating image data from texture: res/drawable/wall_v.png (0.520ms),,,
phase-string,Recreating image data from texture: res/drawable/wall_v.png (0.778ms),,,
phase-string,Recreating image data from texture: res/drawable/wall_v.png (0.844ms),,,
phase-string,Running doSingleRequest:http://gs1.corrodinggames.com/masterserver/1.4,,,
phase-string,Running doSingleRequest:http://gs4.corrodinggames.net/masterserver/1.4,,,
phase-string,SAFE MODE: refreshData: Skipping mod read,,,
phase-string,SAFE MODE: skipping setSourceFolder,,,
phase-string,Saving settings to: C:\Users\28210\Downloads\Rusted Warfare\rw源码逆向\RustedWarfare\preferences.ini,,,
phase-string,SendErrorReport:Send trace successfully,,,
phase-string,SendErrorReport:Starting,,,
phase-string,SendErrorReport:making request,,,
phase-string,SendErrorReport:took: 0.001008 seconds,,,
phase-string,SendErrorReport:took: 7.35E-4 seconds,,,
phase-string,SendErrorReport:took: 9.71E-4 seconds,,,
phase-string,Setting up team fog..,,,
phase-string,Starting errorReport,,,
phase-string,"Team(id: 0, name:null):Being replaced",,,
phase-string,"Team(id: 1, name:null):Being replaced",,,
phase-string,"Team(id: 2, name:null):Being replaced",,,
phase-string,"Team(id: 3, name:null):Being replaced",,,
phase-string,"Team(id: 4, name:null):Being replaced",,,
phase-string,"Team(id: 5, name:null):Being replaced",,,
phase-string,"Team(id: 6, name:null):Being replaced",,,
phase-string,"Team(id: 7, name:null):Being replaced",,,
phase-string,"Team(id: 8, name:null):Being replaced",,,
phase-string,"Team(id: 9, name:null):Being replaced",,,
phase-string,Version:v1.15,,,
phase-string,"We have an initial screen size, can do early setup of image buffers",,,
phase-string,Wrote cache file at: C:\Users\28210\Downloads\Rusted Warfare\rw源码逆向\RustedWarfare\cache\mods-info.cachedata\%47SD%47mods,,,
phase-string,Wrote cache file at: C:\Users\28210\Downloads\Rusted Warfare\rw源码逆向\RustedWarfare\cache\mods-info.cachedata\builtin_mods,,,
phase-string,actionParse: 0ms,com.corrodinggames.rts.game.units.custom.ah,,
phase-string,alert:Could not find key:DYNPROBEMOD|ECBC2BA52A56E38E72018AD74B261ACA9023854BDC61787D8CE755B7D5082CA8|ENABLED,,,
phase-string,alert:Error loading map: Could not find map: assets/assets/maps/menu_background/menu1.tmx,,,
phase-string,alert:Error loading map: Could not find map: assets/assets/maps/menu_background/menu2.tmx,,,
phase-string,alert:Error loading map: Could not find map: assets/assets/maps/menu_background/menu3.tmx,,,
phase-string,"alert:Error loading map: Could not find unit type of:modularSpider at x:906.0, y:2186.0",,,
phase-string,"alert:Error loading map: Could not find unit:combatEngineer at: 47,43",,,
phase-string,"alert:Error loading map: Could not find unit:experimentalSpider at: 127,74",,,
phase-string,alert:Error loading map: Unable to load or parse sourced tileset: tilesets/terrain/Long Grass.tsx,,,
phase-string,"alert:Missing unit data while loading map: Could not find unit:combatEngineer at: 47,43",,,
phase-string,"alert:Missing unit data while loading map: Could not find unit:experimentalSpider at: 127,74",,,
phase-string,alert:Unable to load or parse sourced tileset: tilesets/terrain/Long Grass.tsx,,,
phase-string,allUnitsChecksum took:0.291ms,,,
phase-string,allUnitsChecksum took:0.339ms,,,
phase-string,allUnitsChecksum took:0.350ms,,,
phase-string,allUnitsChecksum took:0.437ms,,,
phase-string,allUnitsChecksum took:0.439ms,,,
phase-string,allUnitsChecksum took:0.441ms,,,
phase-string,allUnitsChecksum took:0.448ms,,,
phase-string,allUnitsChecksum took:0.478ms,,,
phase-string,allUnitsChecksum took:0.500ms,,,
phase-string,allUnitsChecksum took:0.541ms,,,
phase-string,allUnitsChecksum took:0.554ms,,,
phase-string,allUnitsChecksum took:0.606ms,,,
phase-string,allUnitsChecksum took:0.631ms,,,
phase-string,cause:null,,,
phase-string,com.corrodinggames.librocket.a.b(SourceFile:62),,,
phase-string,com.corrodinggames.rts.game.i.a(SourceFile:5122),,,
phase-string,com.corrodinggames.rts.game.i.a(SourceFile:518),,,
phase-string,com.corrodinggames.rts.game.i.a(SourceFile:959),,,
phase-string,com.corrodinggames.rts.game.i.x(SourceFile:5235),,,
phase-string,com.corrodinggames.rts.gameFramework.SettingsEngine.<init>(SourceFile:1092),,,
phase-string,com.corrodinggames.rts.gameFramework.SettingsEngine.getInstance(SourceFile:324),,,
phase-string,com.corrodinggames.rts.gameFramework.SettingsEngine.loadFromFileSystem(SourceFile:612),,,
phase-string,com.corrodinggames.rts.gameFramework.ac.a(SourceFile:1260),,,
phase-string,com.corrodinggames.rts.gameFramework.l.T(SourceFile:1273),,,
phase-string,com.corrodinggames.rts.gameFramework.l.a(SourceFile:597),,,
phase-string,com.corrodinggames.rts.gameFramework.l.g(SourceFile:1294),,,
phase-string,com.corrodinggames.rts.java.Main.h(SourceFile:1380),,,
phase-string,com.corrodinggames.rts.java.Main.h(SourceFile:1394),,,
phase-string,com.corrodinggames.rts.java.b.gameLoop(SourceFile:146),,,
phase-string,com.corrodinggames.rts.java.b.updateAndRender(SourceFile:255),,,
phase-string,com.corrodinggames.rts.java.j.run(SourceFile:1464),,,
phase-string,com.corrodinggames.rts.java.u.b(SourceFile:286),,,
phase-string,com.corrodinggames.rts.java.u.c(SourceFile:302),,,
phase-string,com.corrodinggames.rts.java.u.render(SourceFile:1382),,,
phase-string,densityScale(): 1.0,,,
phase-string,densityScaleRaw*densityScaleMultiplier: 1.0,,,
phase-string,disabledSteam - loadWorkshopMods,,,
phase-string,enableAll:,com.corrodinggames.rts.game.units.custom.ag,,
phase-string,end libRocket setup,,,
phase-string,gameEngine:uncaughtExceptionHandler,,,
phase-string,gameThread already null,,,
phase-string,"gdxToAndroidCodes: Could not find keycode for: END, META_ALT_LEFT_ON, COLON, ANY_KEY, META_SHIFT_RIGHT_ON,",,,
phase-string,"gdxToSlickCodes: Could not find keycode for: MEDIA_REWIND, MEDIA_PLAY_PAUSE, BUTTON_SELECT, CENTER, BUTTON_X, BUTTON_Z, ",,,
phase-string,getControllerCount:0,,,
phase-string,imageLoad: 0ms,com.corrodinggames.rts.game.units.custom.ah,,
phase-string,imageLoadOrGet: 0ms,com.corrodinggames.rts.game.units.custom.ah,,
phase-string,iniClose: 0ms,com.corrodinggames.rts.game.units.custom.ah,,
phase-string,iniOpen: 0ms,,,
phase-string,iniParse: 0ms,com.corrodinggames.rts.game.units.custom.ah,,
phase-string,iniSetup: 0ms,com.corrodinggames.rts.game.units.custom.ah,,
phase-string,init(): using GraphicsSlick2d,,,
phase-string,isOverLiquid called without map loaded,,,
phase-string,java.base/java.lang.Thread.run(Thread.java:830),,,
phase-string,java.lang.NullPointerException,,,
phase-string,"java.lang.RuntimeException: Root locate file:Strings.properties is missing, it is required",,,
phase-string,java.lang.RuntimeException: document==null,,,
phase-string,layerBuffer:2x2 = 4 x2 for soft fade,,,
phase-string,layerBufferCount:1,,,
phase-string,layerBufferSize is too small,,,
phase-string,layerBufferSize:1024,,,
phase-string,libRocket setup took:28.320ms,,,
phase-string,libRocket setup took:28.524ms,,,
phase-string,libRocket setup took:28.630ms,,,
phase-string,libRocket setup took:28.805ms,,,
phase-string,libRocket setup took:29.626ms,,,
phase-string,libRocket setup took:29.745ms,,,
phase-string,libRocket setup took:29.767ms,,,
phase-string,libRocket setup took:29.816ms,,,
phase-string,libRocket setup took:29.988ms,,,
phase-string,libRocket setup took:30.037ms,,,
phase-string,libRocket setup took:30.167ms,,,
phase-string,libRocket setup took:30.351ms,,,
phase-string,libRocket setup took:421.982ms,,,
phase-string,libRocket setup took:74.024ms,,,
phase-string,loadAMenuMap took:20.963ms,,,
phase-string,loadAMenuMap took:22.339ms,,,
phase-string,loadAMenuMap took:22.358ms,,,
phase-string,loadAMenuMap took:22.818ms,,,
phase-string,loadAMenuMap took:22.863ms,,,
phase-string,loadAMenuMap took:22.903ms,,,
phase-string,loadAMenuMap took:23.478ms,,,
phase-string,loadAMenuMap took:23.496ms,,,
phase-string,loadAMenuMap took:23.596ms,,,
phase-string,loadAMenuMap took:23.685ms,,,
phase-string,loadAMenuMap took:79.272ms,,,
phase-string,loadAMenuMap took:82.856ms,,,
phase-string,loadAMenuMap took:89.398ms,,,
phase-string,loadAllUnits took:171.124ms,,,
phase-string,loadAllUnits took:171.515ms,,,
phase-string,loadAllUnits took:172.823ms,,,
phase-string,loadAllUnits took:173.722ms,,,
phase-string,loadAllUnits took:175.272ms,,,
phase-string,loadAllUnits took:176.870ms,,,
phase-string,loadAllUnits took:178.527ms,,,
phase-string,loadAllUnits took:180.334ms,,,
phase-string,loadAllUnits took:182.594ms,,,
phase-string,loadAllUnits took:182.744ms,,,
phase-string,loadAllUnits took:189.190ms,,,
phase-string,loadAllUnits took:191.771ms,,,
phase-string,loadAllUnits took:228.044ms,,,
phase-string,loadFromFileSystem filepath: C:\Users\28210\Downloads\Rusted Warfare\rw源码逆向\RustedWarfare\preferences.ini,,,
phase-string,loadGlyphs,,,
phase-string,loadSelection: Did not find mod in settings:05(1).rwmod...,,,
phase-string,loadSelection: Did not find mod in settings:5-DLC废土萌芽智械篇内测版9.1.7.1(1).rwmod...,,,
phase-string,loadSelection: Did not find mod in settings:sw1539930450,,,
phase-string,loadSelection: Did not find mod in settings:sw1878960341,,,
phase-string,loadSelection: Did not find mod in settings:sw2314057479,,,
phase-string,loadSelection: Did not find mod in settings:sw2529547065,,,
phase-string,loadSelection: Did not find mod in settings:sw2583425587,,,
phase-string,loadSelection: Did not find mod in settings:sw3058511896,,,
phase-string,loadSelection: Did not find mod in settings:升级模组6.7.rwmod,,,
phase-string,loading mod custom units at:/SD/mods/units,,,
phase-string,loading mod custom units at:builtin_mods,,,
phase-string,loading mod custom units at:builtin_mods_enabled,,,
phase-string,longest+layerBufferSize+1:1038,,,
phase-string,longest:13,,,
phase-string,map:setupLayerBuffers for size:13,,,
phase-string,"missingPlaceHolder is not an active unit, searching for new target",com.corrodinggames.rts.game.units.custom.ag,,
phase-string,onGameCrash: Not showing popup message due to active debugSocket,,,
phase-string,onGameCrash: end,,,
phase-string,openALAudio hasDevice:false,,,
phase-string,openAssetCached: Cache hit (null-type) for: builtin_mods/mega_builders/mod-info.txt (0!=0),,,
phase-string,openAssetCached: Cache hit for: /SD/mods/units/dynProbeMod/mod-info.txt,,,
phase-string,openAssetCached: Cache hit for: builtin_mods/mega_builders/mod-info.txt,,,
phase-string,openAssetCached: Cache miss for: /SD/mods/units/dynProbeMod/mod-info.txt,,,
phase-string,openAssetCached: Cache miss for: builtin_mods/mega_builders/mod-info.txt,,,
phase-string,openAssetCached: Got null for: builtin_mods/mega_builders/mod-info.txt,,,
phase-string,openAssetCached: Reading: /SD/mods/units/dynProbeMod/mod-info.txt,,,
phase-string,openAssetCached: Reading: builtin_mods/mega_builders/mod-info.txt,,,
phase-string,openAssetCached: Stale timestamp for: /SD/mods/units/dynProbeMod/mod-info.txt (1786869159632!=1786869291695),,,
phase-string,openAssetCached: Stale timestamp for: builtin_mods/mega_builders/mod-info.txt (0!=1786869159581),,,
phase-string,org.newdawn.slick.AppGameContainer.start(AppGameContainer.java:321),,,
phase-string,out of range,,,
phase-string,packageName:dedicatedServer,,,
phase-string,"preferences not found, not loading (preferences.ini)",,,
phase-string,screenHeight:800.0,,,
phase-string,screenWidth:600.0,,,
phase-string,slick queuing-alert:Could not find key:DYNPROBEMOD|ECBC2BA52A56E38E72018AD74B261ACA9023854BDC61787D8CE755B7D5082CA8|ENAB,,,
phase-string,slick queuing-alert:Error loading map: Could not find map: assets/assets/maps/menu_background/menu1.tmx,,,
phase-string,slick queuing-alert:Error loading map: Could not find map: assets/assets/maps/menu_background/menu2.tmx,,,
phase-string,slick queuing-alert:Error loading map: Could not find map: assets/assets/maps/menu_background/menu3.tmx,,,
phase-string,"slick queuing-alert:Error loading map: Could not find unit type of:modularSpider at x:906.0, y:2186.0",,,
phase-string,"slick queuing-alert:Error loading map: Could not find unit:combatEngineer at: 47,43",,,
phase-string,"slick queuing-alert:Error loading map: Could not find unit:experimentalSpider at: 127,74",,,
phase-string,slick queuing-alert:Error loading map: Unable to load or parse sourced tileset: tilesets/terrain/Long Grass.tsx,,,
phase-string,"slick queuing-alert:Missing unit data while loading map: Could not find unit:combatEngineer at: 47,43",,,
phase-string,"slick queuing-alert:Missing unit data while loading map: Could not find unit:experimentalSpider at: 127,74",,,
phase-string,slick queuing-alert:Unable to load or parse sourced tileset: tilesets/terrain/Long Grass.tsx,,,
phase-string,"slickToAndroidCodes: Could not find keycode for: NUMLOCK, RWIN, CONVERT, STOP, AX, UNDERLINE, DELETE, NOCONVERT, APPS, D",,,
phase-string,smallTextPaint size: 12.0,,,
phase-string,smoothFog load took:26.463ms,,,
phase-string,smoothFog load took:27.055ms,,,
phase-string,smoothFog load took:27.234ms,,,
phase-string,smoothFog load took:27.829ms,,,
phase-string,smoothFog load took:28.031ms,,,
phase-string,smoothFog load took:28.261ms,,,
phase-string,smoothFog load took:28.489ms,,,
phase-string,smoothFog load took:28.497ms,,,
phase-string,smoothFog load took:28.500ms,,,
phase-string,smoothFog load took:28.607ms,,,
phase-string,smoothFog load took:29.274ms,,,
phase-string,smoothFog load took:29.586ms,,,
phase-string,smoothFog load took:29.843ms,,,
phase-string,soundLoad: 0ms,com.corrodinggames.rts.game.units.custom.ah,,
phase-string,soundLoadOrGet: 0ms,com.corrodinggames.rts.game.units.custom.ah,,
phase-string,start libRocket setup,,,
phase-string,startErrorReport:ErrorReport requested,,,
phase-string,"starting game in safe mode, numIncompleteLoadAttempts:10 numLoadsSinceRunningGameOrNormalExit:10",,,
phase-string,"starting game in safe mode, numIncompleteLoadAttempts:11 numLoadsSinceRunningGameOrNormalExit:11",,,
phase-string,"starting game in safe mode, numIncompleteLoadAttempts:2 numLoadsSinceRunningGameOrNormalExit:2",,,
phase-string,"starting game in safe mode, numIncompleteLoadAttempts:3 numLoadsSinceRunningGameOrNormalExit:3",,,
phase-string,"starting game in safe mode, numIncompleteLoadAttempts:4 numLoadsSinceRunningGameOrNormalExit:4",,,
phase-string,"starting game in safe mode, numIncompleteLoadAttempts:5 numLoadsSinceRunningGameOrNormalExit:5",,,
phase-string,"starting game in safe mode, numIncompleteLoadAttempts:6 numLoadsSinceRunningGameOrNormalExit:6",,,
phase-string,"starting game in safe mode, numIncompleteLoadAttempts:7 numLoadsSinceRunningGameOrNormalExit:7",,,
phase-string,"starting game in safe mode, numIncompleteLoadAttempts:8 numLoadsSinceRunningGameOrNormalExit:8",,,
phase-string,"starting game in safe mode, numIncompleteLoadAttempts:9 numLoadsSinceRunningGameOrNormalExit:9",,,
phase-string,steam not requested,,,
phase-string,uncaughtException start,,,
phase-string,unitParse: 0ms,com.corrodinggames.rts.game.units.custom.ah,,
phase-string,unitParsePartA: 0ms,com.corrodinggames.rts.game.units.custom.ah,,
phase-string,unitParsePartB: 0ms,com.corrodinggames.rts.game.units.custom.ah,,
phase-string,unitParsePartC: 0ms,com.corrodinggames.rts.game.units.custom.ah,,
phase-string,unitParsePartD: 0ms,com.corrodinggames.rts.game.units.custom.ah,,
phase-string,version: 1.15 176:#28,,,
stack-frame,com.corrodinggames.librocket.a.b,,02:com/corrodinggames/librocket/a.java:62 (存在),
stack-frame,com.corrodinggames.librocket.a.b,,02:com/corrodinggames/librocket/a.java:69 (存在),
stack-frame,com.corrodinggames.rts.game.b.b.a,,02:com/corrodinggames/rts/game/b/b.java:1896 (存在),
stack-frame,com.corrodinggames.rts.game.b.b.a,,02:com/corrodinggames/rts/game/b/b.java:1902 (存在),
stack-frame,com.corrodinggames.rts.game.b.b.a,,02:com/corrodinggames/rts/game/b/b.java:2145 (存在),
stack-frame,com.corrodinggames.rts.game.b.b.a,,02:com/corrodinggames/rts/game/b/b.java:2172 (存在),
stack-frame,com.corrodinggames.rts.game.b.b.a,,02:com/corrodinggames/rts/game/b/b.java:2252 (存在),
stack-frame,com.corrodinggames.rts.game.b.b.c,,02:com/corrodinggames/rts/game/b/b.java:1113 (存在),
stack-frame,com.corrodinggames.rts.game.b.b.d,,02:com/corrodinggames/rts/game/b/b.java:6250 (存在),
stack-frame,com.corrodinggames.rts.game.b.e.a,,02:com/corrodinggames/rts/game/b/e.java:1275 (存在),
stack-frame,com.corrodinggames.rts.game.b.g.a,,02:com/corrodinggames/rts/game/b/g.java:266 (存在),
stack-frame,com.corrodinggames.rts.game.b.j.a,,02:com/corrodinggames/rts/game/b/j.java:148 (存在),
stack-frame,com.corrodinggames.rts.game.b.j.a,,02:com/corrodinggames/rts/game/b/j.java:165 (存在),
stack-frame,com.corrodinggames.rts.game.i.a,,02:com/corrodinggames/rts/game/i.java:518 (存在),
stack-frame,com.corrodinggames.rts.game.i.a,,02:com/corrodinggames/rts/game/i.java:621 (存在),
stack-frame,com.corrodinggames.rts.game.i.a,,02:com/corrodinggames/rts/game/i.java:959 (存在),
stack-frame,com.corrodinggames.rts.game.i.a,,02:com/corrodinggames/rts/game/i.java:983 (存在),
stack-frame,com.corrodinggames.rts.game.i.a,,02:com/corrodinggames/rts/game/i.java:1081 (存在),
stack-frame,com.corrodinggames.rts.game.i.a,,02:com/corrodinggames/rts/game/i.java:1251 (存在),
stack-frame,com.corrodinggames.rts.game.i.a,,02:com/corrodinggames/rts/game/i.java:5122 (存在),
stack-frame,com.corrodinggames.rts.game.i.x,,02:com/corrodinggames/rts/game/i.java:5228 (存在),
stack-frame,com.corrodinggames.rts.game.units.am.cK,,02:com/corrodinggames/rts/game/units/am.java:3799 (存在),
stack-frame,com.corrodinggames.rts.game.units.ar.s,,02:com/corrodinggames/rts/game/units/ar.java:2939 (存在),
stack-frame,com.corrodinggames.rts.game.units.e.b.z,,02:com/corrodinggames/rts/game/units/e/b.java:458 (存在),
stack-frame,com.corrodinggames.rts.gameFramework.SettingsEngine.getInstance,,02:com/corrodinggames/rts/gameFramework/SettingsEngine.java:324 (存在),
stack-frame,com.corrodinggames.rts.gameFramework.SettingsEngine.loadFromFileSystem,,02:com/corrodinggames/rts/gameFramework/SettingsEngine.java:612 (存在),
stack-frame,com.corrodinggames.rts.gameFramework.ac.a,,02:com/corrodinggames/rts/gameFramework/ac.java:1251 (存在),
stack-frame,com.corrodinggames.rts.gameFramework.ac.d,,02:com/corrodinggames/rts/gameFramework/ac.java:1479 (存在),
stack-frame,com.corrodinggames.rts.gameFramework.ad.a,,02:com/corrodinggames/rts/gameFramework/ad.java:738 (存在),
stack-frame,com.corrodinggames.rts.gameFramework.ad.a,,02:com/corrodinggames/rts/gameFramework/ad.java:782 (存在),
stack-frame,com.corrodinggames.rts.gameFramework.h.a.a,,02:com/corrodinggames/rts/gameFramework/h/a.java:59 (存在),
stack-frame,com.corrodinggames.rts.gameFramework.h.a.a,,02:com/corrodinggames/rts/gameFramework/h/a.java:245 (存在),
stack-frame,com.corrodinggames.rts.gameFramework.h.a.e,,02:com/corrodinggames/rts/gameFramework/h/a.java:490 (存在),
stack-frame,com.corrodinggames.rts.gameFramework.l.a,,02:com/corrodinggames/rts/gameFramework/l.java:597 (存在),
stack-frame,com.corrodinggames.rts.gameFramework.utility.SlickToAndroidKeycodes.a,,02:com/corrodinggames/rts/gameFramework/utility/SlickToAndroidKeycodes.java:1629 (存在),
stack-frame,com.corrodinggames.rts.gameFramework.utility.y.d,,02:com/corrodinggames/rts/gameFramework/utility/y.java:548 (存在),
stack-frame,com.corrodinggames.rts.java.Main.h,,02:com/corrodinggames/rts/java/Main.java:1380 (存在),
stack-frame,com.corrodinggames.rts.java.Main.h,,02:com/corrodinggames/rts/java/Main.java:1394 (存在),
stack-frame,com.corrodinggames.rts.java.b.gameLoop,,02:com/corrodinggames/rts/java/b.java:146 (存在),
stack-frame,com.corrodinggames.rts.java.b.updateAndRender,,02:com/corrodinggames/rts/java/b.java:255 (存在),
stack-frame,com.corrodinggames.rts.java.j.run,,02:com/corrodinggames/rts/java/j.java:1464 (存在),
stack-frame,com.corrodinggames.rts.java.u.b,,02:com/corrodinggames/rts/java/u.java:286 (存在),
stack-frame,com.corrodinggames.rts.java.u.c,,02:com/corrodinggames/rts/java/u.java:302 (存在),
stack-frame,com.corrodinggames.rts.java.u.render,,02:com/corrodinggames/rts/java/u.java:1382 (存在),
unit-key,AntiNukeLaucher,,,运行时单位注册表键
unit-key,NukeLaucher,,,运行时单位注册表键
unit-key,airFactory,,,运行时单位注册表键
unit-key,airShip,,,运行时单位注册表键
unit-key,amphibiousJet,,,运行时单位注册表键
unit-key,antiAirTurret,,,运行时单位注册表键
unit-key,antiAirTurretT2,,,运行时单位注册表键
unit-key,artillery,,,运行时单位注册表键
unit-key,attackSubmarine,,,运行时单位注册表键
unit-key,battleShip,,,运行时单位注册表键
unit-key,builder,,,运行时单位注册表键
unit-key,builderShip,,,运行时单位注册表键
unit-key,commandCenter,,,运行时单位注册表键
unit-key,damagingBorder,,,运行时单位注册表键
unit-key,dropship,,,运行时单位注册表键
unit-key,experimentalHoverTank,,,运行时单位注册表键
unit-key,experimentalLandFactory,,,运行时单位注册表键
unit-key,experimentalTank,,,运行时单位注册表键
unit-key,extractor,,,运行时单位注册表键
unit-key,fabricator,,,运行时单位注册表键
unit-key,gunBoat,,,运行时单位注册表键
unit-key,gunShip,,,运行时单位注册表键
unit-key,heavyHoverTank,,,运行时单位注册表键
unit-key,heavyTank,,,运行时单位注册表键
unit-key,helicopter,,,运行时单位注册表键
unit-key,hoverTank,,,运行时单位注册表键
unit-key,hovercraft,,,运行时单位注册表键
unit-key,landFactory,,,运行时单位注册表键
unit-key,laserDefence,,,运行时单位注册表键
unit-key,laserTank,,,运行时单位注册表键
unit-key,mammothTank,,,运行时单位注册表键
unit-key,marker,,,运行时单位注册表键
unit-key,missileShip,,,运行时单位注册表键
unit-key,repairbay,,,运行时单位注册表键
unit-key,seaFactory,,,运行时单位注册表键
unit-key,tank,,,运行时单位注册表键
unit-key,turret,,,运行时单位注册表键
unit-key,turretT2,,,运行时单位注册表键
unit-key,turretT3,,,运行时单位注册表键
unit-key,turret_artillery,,,运行时单位注册表键
unit-key,turret_flamethrower,,,运行时单位注册表键
unit-key,zoneMarker,,,运行时单位注册表键
